玩具-童车...积木-模型标准_娃娃-配件_.txt,//detail.tmall.com/item.htm?id=569463372559,1
玩具-童车...积木-模型标准_娃娃-配件_.txt,//item.taobao.com/item.htm?id=559815040941,2
玩具-童车...积木-模型标准_娃娃-配件_.txt,//detail.tmall.com/item.htm?id=581232876698,3
玩具-童车...积木-模型标准_娃娃-配件_.txt,//detail.tmall.com/item.htm?id=580273132206,4
玩具-童车...积木-模型标准_娃娃-配件_.txt,//item.taobao.com/item.htm?id=583882831801,5
玩具-童车...积木-模型标准_娃娃-配件_.txt,//detail.tmall.com/item.htm?id=547264983465,6
玩具-童车...积木-模型标准_娃娃-配件_.txt,//detail.tmall.com/item.htm?id=565823264623,7
玩具-童车...积木-模型标准_娃娃-配件_.txt,//detail.tmall.com/item.htm?id=586767515042,8
玩具-童车...积木-模型标准_娃娃-配件_.txt,//item.taobao.com/item.htm?id=585354794170,9
玩具-童车...积木-模型标准_娃娃-配件_.txt,//detail.tmall.com/item.htm?id=567400342161,10
玩具-童车...积木-模型标准_娃娃-配件_.txt,//item.taobao.com/item.htm?id=575607818724,11
玩具-童车...积木-模型标准_娃娃-配件_.txt,//detail.tmall.com/item.htm?id=17294263410,12
玩具-童车...积木-模型标准_娃娃-配件_.txt,//detail.tmall.com/item.htm?id=547099748962,13
玩具-童车...积木-模型标准_娃娃-配件_.txt,//item.taobao.com/item.htm?id=589610524304,14
玩具-童车...积木-模型标准_娃娃-配件_.txt,//detail.tmall.com/item.htm?id=535372929011,15
玩具-童车...积木-模型标准_娃娃-配件_.txt,//detail.tmall.com/item.htm?id=574737183502,16
玩具-童车...积木-模型标准_娃娃-配件_.txt,//item.taobao.com/item.htm?id=556454452631,17
玩具-童车...积木-模型标准_娃娃-配件_.txt,//item.taobao.com/item.htm?id=577386627714,18
玩具-童车...积木-模型标准_娃娃-配件_.txt,//item.taobao.com/item.htm?id=569387793382,19
玩具-童车...积木-模型标准_娃娃-配件_.txt,//item.taobao.com/item.htm?id=573780844640,20
玩具-童车...积木-模型标准_幼儿响铃-...-安抚玩具_不倒翁.txt,//detail.tmall.com/item.htm?id=569762951856,1
玩具-童车...积木-模型标准_幼儿响铃-...-安抚玩具_不倒翁.txt,//detail.tmall.com/item.htm?id=554982604304,2
玩具-童车...积木-模型标准_幼儿响铃-...-安抚玩具_不倒翁.txt,//detail.tmall.com/item.htm?id=585289402577,3
玩具-童车...积木-模型标准_幼儿响铃-...-安抚玩具_不倒翁.txt,//detail.tmall.com/item.htm?id=529750268366,4
玩具-童车...积木-模型标准_幼儿响铃-...-安抚玩具_不倒翁.txt,//detail.tmall.com/item.htm?id=565905054215,5
玩具-童车...积木-模型标准_幼儿响铃-...-安抚玩具_不倒翁.txt,//detail.tmall.com/item.htm?id=572381984641,6
玩具-童车...积木-模型标准_幼儿响铃-...-安抚玩具_不倒翁.txt,//detail.tmall.com/item.htm?id=560644875250,7
玩具-童车...积木-模型标准_幼儿响铃-...-安抚玩具_不倒翁.txt,//detail.tmall.com/item.htm?id=560677554933,8
玩具-童车...积木-模型标准_幼儿响铃-...-安抚玩具_不倒翁.txt,//detail.tmall.com/item.htm?id=567185847270,9
玩具-童车...积木-模型标准_幼儿响铃-...-安抚玩具_不倒翁.txt,//item.taobao.com/item.htm?id=554388026095,10
玩具-童车...积木-模型标准_幼儿响铃-...-安抚玩具_不倒翁.txt,//item.taobao.com/item.htm?id=553361815342,11
玩具-童车...积木-模型标准_幼儿响铃-...-安抚玩具_不倒翁.txt,//item.taobao.com/item.htm?id=563373077833,12
玩具-童车...积木-模型标准_幼儿响铃-...-安抚玩具_不倒翁.txt,//detail.tmall.com/item.htm?id=582463052255,13
玩具-童车...积木-模型标准_幼儿响铃-...-安抚玩具_不倒翁.txt,//item.taobao.com/item.htm?id=576362844365,14
玩具-童车...积木-模型标准_幼儿响铃-...-安抚玩具_不倒翁.txt,//item.taobao.com/item.htm?id=566475281795,15
玩具-童车...积木-模型标准_幼儿响铃-...-安抚玩具_不倒翁.txt,//detail.tmall.com/item.htm?id=587079804247,16
玩具-童车...积木-模型标准_幼儿响铃-...-安抚玩具_不倒翁.txt,//item.taobao.com/item.htm?id=574854529860,17
玩具-童车...积木-模型标准_幼儿响铃-...-安抚玩具_不倒翁.txt,//item.taobao.com/item.htm?id=575895668086,18
玩具-童车...积木-模型标准_幼儿响铃-...-安抚玩具_不倒翁.txt,//detail.tmall.com/item.htm?id=565610905708,19
玩具-童车...积木-模型标准_幼儿响铃-...-安抚玩具_不倒翁.txt,//detail.tmall.com/item.htm?id=561775277802,20
玩具-童车...积木-模型标准_幼儿响铃-...-安抚玩具_宝宝布书.txt,//detail.tmall.com/item.htm?id=560968346143,1
玩具-童车...积木-模型标准_幼儿响铃-...-安抚玩具_宝宝布书.txt,//detail.tmall.com/item.htm?id=574171675334,2
玩具-童车...积木-模型标准_幼儿响铃-...-安抚玩具_宝宝布书.txt,//detail.tmall.com/item.htm?id=536242838087,3
玩具-童车...积木-模型标准_幼儿响铃-...-安抚玩具_宝宝布书.txt,//item.taobao.com/item.htm?id=578545178352,4
玩具-童车...积木-模型标准_幼儿响铃-...-安抚玩具_宝宝布书.txt,//item.taobao.com/item.htm?id=553972956962,5
玩具-童车...积木-模型标准_幼儿响铃-...-安抚玩具_宝宝布书.txt,//detail.tmall.com/item.htm?id=572991890184,6
玩具-童车...积木-模型标准_幼儿响铃-...-安抚玩具_宝宝布书.txt,//item.taobao.com/item.htm?id=577140415231,7
玩具-童车...积木-模型标准_幼儿响铃-...-安抚玩具_宝宝布书.txt,//detail.tmall.com/item.htm?id=20248681791,8
玩具-童车...积木-模型标准_幼儿响铃-...-安抚玩具_宝宝布书.txt,//detail.tmall.com/item.htm?id=533069192260,9
玩具-童车...积木-模型标准_幼儿响铃-...-安抚玩具_宝宝布书.txt,//detail.tmall.com/item.htm?id=583031390322,10
玩具-童车...积木-模型标准_幼儿响铃-...-安抚玩具_宝宝布书.txt,//detail.tmall.com/item.htm?id=567713628510,11
玩具-童车...积木-模型标准_幼儿响铃-...-安抚玩具_宝宝布书.txt,//detail.tmall.com/item.htm?id=19414802698,12
玩具-童车...积木-模型标准_幼儿响铃-...-安抚玩具_宝宝布书.txt,//detail.tmall.com/item.htm?id=569270333333,13
玩具-童车...积木-模型标准_幼儿响铃-...-安抚玩具_宝宝布书.txt,//detail.tmall.com/item.htm?id=584432802969,14
玩具-童车...积木-模型标准_幼儿响铃-...-安抚玩具_宝宝布书.txt,//detail.tmall.com/item.htm?id=536327985546,15
玩具-童车...积木-模型标准_幼儿响铃-...-安抚玩具_宝宝布书.txt,//detail.tmall.com/item.htm?id=556019729312,16
玩具-童车...积木-模型标准_幼儿响铃-...-安抚玩具_宝宝布书.txt,//detail.tmall.com/item.htm?id=564280506207,17
玩具-童车...积木-模型标准_幼儿响铃-...-安抚玩具_宝宝布书.txt,//detail.tmall.com/item.htm?id=557339431724,18
玩具-童车...积木-模型标准_幼儿响铃-...-安抚玩具_宝宝布书.txt,//detail.tmall.com/item.htm?id=588621687699,19
玩具-童车...积木-模型标准_幼儿响铃-...-安抚玩具_宝宝布书.txt,//detail.tmall.com/item.htm?id=579725786444,20
玩具-童车...积木-模型标准_幼儿响铃-...-安抚玩具_布质-软胶积木.txt,//item.taobao.com/item.htm?id=562093696181,1
玩具-童车...积木-模型标准_幼儿响铃-...-安抚玩具_布质-软胶积木.txt,//item.taobao.com/item.htm?id=589009652245,2
玩具-童车...积木-模型标准_幼儿响铃-...-安抚玩具_布质-软胶积木.txt,//detail.tmall.com/item.htm?id=546237939783,3
玩具-童车...积木-模型标准_幼儿响铃-...-安抚玩具_布质-软胶积木.txt,//detail.tmall.com/item.htm?id=563175090938,4
玩具-童车...积木-模型标准_幼儿响铃-...-安抚玩具_布质-软胶积木.txt,//detail.tmall.com/item.htm?id=574186802377,5
玩具-童车...积木-模型标准_幼儿响铃-...-安抚玩具_布质-软胶积木.txt,//detail.tmall.com/item.htm?id=585046721898,6
玩具-童车...积木-模型标准_幼儿响铃-...-安抚玩具_布质-软胶积木.txt,//detail.tmall.com/item.htm?id=579653213076,7
玩具-童车...积木-模型标准_幼儿响铃-...-安抚玩具_布质-软胶积木.txt,//detail.tmall.com/item.htm?id=569389967957,8
玩具-童车...积木-模型标准_幼儿响铃-...-安抚玩具_布质-软胶积木.txt,//detail.tmall.com/item.htm?id=569307738683,9
玩具-童车...积木-模型标准_幼儿响铃-...-安抚玩具_布质-软胶积木.txt,//detail.tmall.com/item.htm?id=574044335196,10
玩具-童车...积木-模型标准_幼儿响铃-...-安抚玩具_布质-软胶积木.txt,//item.taobao.com/item.htm?id=589837707338,11
玩具-童车...积木-模型标准_幼儿响铃-...-安抚玩具_布质-软胶积木.txt,//detail.tmall.com/item.htm?id=579349414548,12
玩具-童车...积木-模型标准_幼儿响铃-...-安抚玩具_布质-软胶积木.txt,//detail.tmall.com/item.htm?id=586778279420,13
玩具-童车...积木-模型标准_幼儿响铃-...-安抚玩具_布质-软胶积木.txt,//detail.tmall.com/item.htm?id=584312171327,14
玩具-童车...积木-模型标准_幼儿响铃-...-安抚玩具_布质-软胶积木.txt,//detail.tmall.com/item.htm?id=559304813692,15
玩具-童车...积木-模型标准_幼儿响铃-...-安抚玩具_布质-软胶积木.txt,//item.taobao.com/item.htm?id=575969290151,16
玩具-童车...积木-模型标准_幼儿响铃-...-安抚玩具_布质-软胶积木.txt,//item.taobao.com/item.htm?id=587658875009,17
玩具-童车...积木-模型标准_幼儿响铃-...-安抚玩具_布质-软胶积木.txt,//detail.tmall.com/item.htm?id=521594522780,18
玩具-童车...积木-模型标准_幼儿响铃-...-安抚玩具_布质-软胶积木.txt,//detail.tmall.com/item.htm?id=549937569145,19
玩具-童车...积木-模型标准_幼儿响铃-...-安抚玩具_布质-软胶积木.txt,//item.taobao.com/item.htm?id=548314540120,20
玩具-童车...积木-模型标准_幼儿响铃-...-安抚玩具_床铃-床挂.txt,//detail.tmall.com/item.htm?id=573501625216,1
玩具-童车...积木-模型标准_幼儿响铃-...-安抚玩具_床铃-床挂.txt,//detail.tmall.com/item.htm?id=563745794980,2
玩具-童车...积木-模型标准_幼儿响铃-...-安抚玩具_床铃-床挂.txt,//detail.tmall.com/item.htm?id=582529033938,3
玩具-童车...积木-模型标准_幼儿响铃-...-安抚玩具_床铃-床挂.txt,//detail.tmall.com/item.htm?id=43548906543,4
玩具-童车...积木-模型标准_幼儿响铃-...-安抚玩具_床铃-床挂.txt,//detail.tmall.com/item.htm?id=559806437234,5
玩具-童车...积木-模型标准_幼儿响铃-...-安抚玩具_床铃-床挂.txt,//item.taobao.com/item.htm?id=577000883408,6
玩具-童车...积木-模型标准_幼儿响铃-...-安抚玩具_床铃-床挂.txt,//detail.tmall.com/item.htm?id=564700405745,7
玩具-童车...积木-模型标准_幼儿响铃-...-安抚玩具_床铃-床挂.txt,//detail.tmall.com/item.htm?id=564733433364,8
玩具-童车...积木-模型标准_幼儿响铃-...-安抚玩具_床铃-床挂.txt,//detail.tmall.com/item.htm?id=575596442236,9
玩具-童车...积木-模型标准_幼儿响铃-...-安抚玩具_床铃-床挂.txt,//detail.tmall.com/item.htm?id=581509844401,10
玩具-童车...积木-模型标准_幼儿响铃-...-安抚玩具_床铃-床挂.txt,//detail.tmall.com/item.htm?id=559445999889,11
玩具-童车...积木-模型标准_幼儿响铃-...-安抚玩具_床铃-床挂.txt,//item.taobao.com/item.htm?id=569761267020,12
玩具-童车...积木-模型标准_幼儿响铃-...-安抚玩具_床铃-床挂.txt,//detail.tmall.com/item.htm?id=576949219165,13
玩具-童车...积木-模型标准_幼儿响铃-...-安抚玩具_床铃-床挂.txt,//item.taobao.com/item.htm?id=529605500027,14
玩具-童车...积木-模型标准_幼儿响铃-...-安抚玩具_床铃-床挂.txt,//item.taobao.com/item.htm?id=574349928680,15
玩具-童车...积木-模型标准_幼儿响铃-...-安抚玩具_床铃-床挂.txt,//item.taobao.com/item.htm?id=529055820752,16
玩具-童车...积木-模型标准_幼儿响铃-...-安抚玩具_床铃-床挂.txt,//item.taobao.com/item.htm?id=579075971192,17
玩具-童车...积木-模型标准_幼儿响铃-...-安抚玩具_床铃-床挂.txt,//item.taobao.com/item.htm?id=585383157336,18
玩具-童车...积木-模型标准_幼儿响铃-...-安抚玩具_床铃-床挂.txt,//detail.tmall.com/item.htm?id=569993781512,19
玩具-童车...积木-模型标准_幼儿响铃-...-安抚玩具_床铃-床挂.txt,//detail.tmall.com/item.htm?id=587934118884,20
玩具-童车...积木-模型标准_幼儿响铃-...-安抚玩具_手偶-安抚玩偶.txt,//detail.tmall.com/item.htm?id=17347946555,1
玩具-童车...积木-模型标准_幼儿响铃-...-安抚玩具_手偶-安抚玩偶.txt,//detail.tmall.com/item.htm?id=552383743090,2
玩具-童车...积木-模型标准_幼儿响铃-...-安抚玩具_手偶-安抚玩偶.txt,//detail.tmall.com/item.htm?id=577194543913,3
玩具-童车...积木-模型标准_幼儿响铃-...-安抚玩具_手偶-安抚玩偶.txt,//detail.tmall.com/item.htm?id=547631218648,4
玩具-童车...积木-模型标准_幼儿响铃-...-安抚玩具_手偶-安抚玩偶.txt,//detail.tmall.com/item.htm?id=540689419244,5
玩具-童车...积木-模型标准_幼儿响铃-...-安抚玩具_手偶-安抚玩偶.txt,//detail.tmall.com/item.htm?id=522780432677,6
玩具-童车...积木-模型标准_幼儿响铃-...-安抚玩具_手偶-安抚玩偶.txt,//detail.tmall.com/item.htm?id=556010990177,7
玩具-童车...积木-模型标准_幼儿响铃-...-安抚玩具_手偶-安抚玩偶.txt,//detail.tmall.com/item.htm?id=551508539584,8
玩具-童车...积木-模型标准_幼儿响铃-...-安抚玩具_手偶-安抚玩偶.txt,//detail.tmall.com/item.htm?id=549047806814,9
玩具-童车...积木-模型标准_幼儿响铃-...-安抚玩具_手偶-安抚玩偶.txt,//item.taobao.com/item.htm?id=585517178626,10
玩具-童车...积木-模型标准_幼儿响铃-...-安抚玩具_手偶-安抚玩偶.txt,//detail.tmall.com/item.htm?id=582718922253,11
玩具-童车...积木-模型标准_幼儿响铃-...-安抚玩具_手偶-安抚玩偶.txt,//detail.tmall.com/item.htm?id=580305621694,12
玩具-童车...积木-模型标准_幼儿响铃-...-安抚玩具_手偶-安抚玩偶.txt,//detail.tmall.com/item.htm?id=554245730548,13
玩具-童车...积木-模型标准_幼儿响铃-...-安抚玩具_手偶-安抚玩偶.txt,//detail.tmall.com/item.htm?id=522628987892,14
玩具-童车...积木-模型标准_幼儿响铃-...-安抚玩具_手偶-安抚玩偶.txt,//detail.tmall.com/item.htm?id=521358475378,15
玩具-童车...积木-模型标准_幼儿响铃-...-安抚玩具_手偶-安抚玩偶.txt,//item.taobao.com/item.htm?id=551386327755,16
玩具-童车...积木-模型标准_幼儿响铃-...-安抚玩具_手偶-安抚玩偶.txt,//detail.tmall.com/item.htm?id=552354410862,17
玩具-童车...积木-模型标准_幼儿响铃-...-安抚玩具_手偶-安抚玩偶.txt,//detail.tmall.com/item.htm?id=584406781301,18
玩具-童车...积木-模型标准_幼儿响铃-...-安抚玩具_手偶-安抚玩偶.txt,//item.taobao.com/item.htm?id=529713050221,19
玩具-童车...积木-模型标准_幼儿响铃-...-安抚玩具_手偶-安抚玩偶.txt,//detail.tmall.com/item.htm?id=559113999571,20
玩具-童车...积木-模型标准_幼儿响铃-...-安抚玩具_拨浪鼓.txt,//item.taobao.com/item.htm?id=36390994015,1
玩具-童车...积木-模型标准_幼儿响铃-...-安抚玩具_拨浪鼓.txt,//item.taobao.com/item.htm?id=583787827430,2
玩具-童车...积木-模型标准_幼儿响铃-...-安抚玩具_拨浪鼓.txt,//detail.tmall.com/item.htm?id=560619674446,3
玩具-童车...积木-模型标准_幼儿响铃-...-安抚玩具_拨浪鼓.txt,//detail.tmall.com/item.htm?id=569713317627,4
玩具-童车...积木-模型标准_幼儿响铃-...-安抚玩具_拨浪鼓.txt,//detail.tmall.com/item.htm?id=534470040080,5
玩具-童车...积木-模型标准_幼儿响铃-...-安抚玩具_拨浪鼓.txt,//detail.tmall.com/item.htm?id=570450600157,6
玩具-童车...积木-模型标准_幼儿响铃-...-安抚玩具_拨浪鼓.txt,//item.taobao.com/item.htm?id=536393952154,7
玩具-童车...积木-模型标准_幼儿响铃-...-安抚玩具_拨浪鼓.txt,//item.taobao.com/item.htm?id=570035782150,8
玩具-童车...积木-模型标准_幼儿响铃-...-安抚玩具_拨浪鼓.txt,//item.taobao.com/item.htm?id=586523295449,9
玩具-童车...积木-模型标准_幼儿响铃-...-安抚玩具_拨浪鼓.txt,//item.taobao.com/item.htm?id=565319927384,10
玩具-童车...积木-模型标准_幼儿响铃-...-安抚玩具_拨浪鼓.txt,//item.taobao.com/item.htm?id=571426580379,11
玩具-童车...积木-模型标准_幼儿响铃-...-安抚玩具_拨浪鼓.txt,//detail.tmall.com/item.htm?id=581463055605,12
玩具-童车...积木-模型标准_幼儿响铃-...-安抚玩具_拨浪鼓.txt,//item.taobao.com/item.htm?id=549571868513,13
玩具-童车...积木-模型标准_幼儿响铃-...-安抚玩具_拨浪鼓.txt,//item.taobao.com/item.htm?id=550810323685,14
玩具-童车...积木-模型标准_幼儿响铃-...-安抚玩具_拨浪鼓.txt,//detail.tmall.com/item.htm?id=570706033701,15
玩具-童车...积木-模型标准_幼儿响铃-...-安抚玩具_拨浪鼓.txt,//item.taobao.com/item.htm?id=577037181243,16
玩具-童车...积木-模型标准_幼儿响铃-...-安抚玩具_拨浪鼓.txt,//detail.tmall.com/item.htm?id=568341413976,17
玩具-童车...积木-模型标准_幼儿响铃-...-安抚玩具_拨浪鼓.txt,//detail.tmall.com/item.htm?id=578937062320,18
玩具-童车...积木-模型标准_幼儿响铃-...-安抚玩具_拨浪鼓.txt,//item.taobao.com/item.htm?id=581442897335,19
玩具-童车...积木-模型标准_幼儿响铃-...-安抚玩具_拨浪鼓.txt,//detail.tmall.com/item.htm?id=572965107371,20
玩具-童车...积木-模型标准_幼儿响铃-...-安抚玩具_摇铃.txt,//detail.tmall.com/item.htm?id=566153652847,1
玩具-童车...积木-模型标准_幼儿响铃-...-安抚玩具_摇铃.txt,//detail.tmall.com/item.htm?id=572824711576,2
玩具-童车...积木-模型标准_幼儿响铃-...-安抚玩具_摇铃.txt,//detail.tmall.com/item.htm?id=576652472952,3
玩具-童车...积木-模型标准_幼儿响铃-...-安抚玩具_摇铃.txt,//detail.tmall.com/item.htm?id=584280260534,4
玩具-童车...积木-模型标准_幼儿响铃-...-安抚玩具_摇铃.txt,//detail.tmall.com/item.htm?id=564309717577,5
玩具-童车...积木-模型标准_幼儿响铃-...-安抚玩具_摇铃.txt,//item.taobao.com/item.htm?id=533216848845,6
玩具-童车...积木-模型标准_幼儿响铃-...-安抚玩具_摇铃.txt,//detail.tmall.com/item.htm?id=567738064768,7
玩具-童车...积木-模型标准_幼儿响铃-...-安抚玩具_摇铃.txt,//detail.tmall.com/item.htm?id=585350424050,8
玩具-童车...积木-模型标准_幼儿响铃-...-安抚玩具_摇铃.txt,//detail.tmall.com/item.htm?id=584966070055,9
玩具-童车...积木-模型标准_幼儿响铃-...-安抚玩具_摇铃.txt,//detail.tmall.com/item.htm?id=45596954733,10
玩具-童车...积木-模型标准_幼儿响铃-...-安抚玩具_摇铃.txt,//item.taobao.com/item.htm?id=565480083033,11
玩具-童车...积木-模型标准_幼儿响铃-...-安抚玩具_摇铃.txt,//detail.tmall.com/item.htm?id=562443936638,12
玩具-童车...积木-模型标准_幼儿响铃-...-安抚玩具_摇铃.txt,//detail.tmall.com/item.htm?id=526091193389,13
玩具-童车...积木-模型标准_幼儿响铃-...-安抚玩具_摇铃.txt,//detail.tmall.com/item.htm?id=576813057821,14
玩具-童车...积木-模型标准_幼儿响铃-...-安抚玩具_摇铃.txt,//item.taobao.com/item.htm?id=569209964710,15
玩具-童车...积木-模型标准_幼儿响铃-...-安抚玩具_摇铃.txt,//detail.tmall.com/item.htm?id=563348409381,16
玩具-童车...积木-模型标准_幼儿响铃-...-安抚玩具_摇铃.txt,//detail.tmall.com/item.htm?id=576110864711,17
玩具-童车...积木-模型标准_幼儿响铃-...-安抚玩具_摇铃.txt,//detail.tmall.com/item.htm?id=580239527860,18
玩具-童车...积木-模型标准_幼儿响铃-...-安抚玩具_摇铃.txt,//detail.tmall.com/item.htm?id=555181441195,19
玩具-童车...积木-模型标准_幼儿响铃-...-安抚玩具_摇铃.txt,//detail.tmall.com/item.htm?id=557568571887,20
玩具-童车...积木-模型标准_彩泥-粘土-软陶泥_彩泥-橡皮泥.txt,//detail.tmall.com/item.htm?id=38559209996,1
玩具-童车...积木-模型标准_彩泥-粘土-软陶泥_彩泥-橡皮泥.txt,//item.taobao.com/item.htm?id=581706469991,2
玩具-童车...积木-模型标准_彩泥-粘土-软陶泥_彩泥-橡皮泥.txt,//detail.tmall.com/item.htm?id=583234360111,3
玩具-童车...积木-模型标准_彩泥-粘土-软陶泥_彩泥-橡皮泥.txt,//detail.tmall.com/item.htm?id=536305454930,4
玩具-童车...积木-模型标准_彩泥-粘土-软陶泥_彩泥-橡皮泥.txt,//detail.tmall.com/item.htm?id=534413102491,5
玩具-童车...积木-模型标准_彩泥-粘土-软陶泥_彩泥-橡皮泥.txt,//detail.tmall.com/item.htm?id=545036226955,6
玩具-童车...积木-模型标准_彩泥-粘土-软陶泥_彩泥-橡皮泥.txt,//detail.tmall.com/item.htm?id=547285426299,7
玩具-童车...积木-模型标准_彩泥-粘土-软陶泥_彩泥-橡皮泥.txt,//detail.tmall.com/item.htm?id=565784253685,8
玩具-童车...积木-模型标准_彩泥-粘土-软陶泥_彩泥-橡皮泥.txt,//detail.tmall.com/item.htm?id=587271708480,9
玩具-童车...积木-模型标准_彩泥-粘土-软陶泥_彩泥-橡皮泥.txt,//item.taobao.com/item.htm?id=579487223346,10
玩具-童车...积木-模型标准_彩泥-粘土-软陶泥_彩泥-橡皮泥.txt,//item.taobao.com/item.htm?id=564281166375,11
玩具-童车...积木-模型标准_彩泥-粘土-软陶泥_彩泥-橡皮泥.txt,//detail.tmall.com/item.htm?id=530433667721,12
玩具-童车...积木-模型标准_彩泥-粘土-软陶泥_彩泥-橡皮泥.txt,//detail.tmall.com/item.htm?id=561699689203,13
玩具-童车...积木-模型标准_彩泥-粘土-软陶泥_彩泥-橡皮泥.txt,//detail.tmall.com/item.htm?id=551611512723,14
玩具-童车...积木-模型标准_彩泥-粘土-软陶泥_彩泥-橡皮泥.txt,//detail.tmall.com/item.htm?id=540438644489,15
玩具-童车...积木-模型标准_彩泥-粘土-软陶泥_彩泥-橡皮泥.txt,//detail.tmall.com/item.htm?id=566106031672,16
玩具-童车...积木-模型标准_彩泥-粘土-软陶泥_彩泥-橡皮泥.txt,//item.taobao.com/item.htm?id=572588190762,17
玩具-童车...积木-模型标准_彩泥-粘土-软陶泥_彩泥-橡皮泥.txt,//detail.tmall.com/item.htm?id=578152570471,18
玩具-童车...积木-模型标准_彩泥-粘土-软陶泥_彩泥-橡皮泥.txt,//detail.tmall.com/item.htm?id=551686050467,19
玩具-童车...积木-模型标准_彩泥-粘土-软陶泥_彩泥-橡皮泥.txt,//detail.tmall.com/item.htm?id=529673477022,20
玩具-童车...积木-模型标准_彩泥-粘土-软陶泥_粘土-超轻粘土.txt,//detail.tmall.com/item.htm?id=576007407702,1
玩具-童车...积木-模型标准_彩泥-粘土-软陶泥_粘土-超轻粘土.txt,//detail.tmall.com/item.htm?id=14574686274,2
玩具-童车...积木-模型标准_彩泥-粘土-软陶泥_粘土-超轻粘土.txt,//detail.tmall.com/item.htm?id=525463670474,3
玩具-童车...积木-模型标准_彩泥-粘土-软陶泥_粘土-超轻粘土.txt,//detail.tmall.com/item.htm?id=525264665757,4
玩具-童车...积木-模型标准_彩泥-粘土-软陶泥_粘土-超轻粘土.txt,//detail.tmall.com/item.htm?id=554947414425,5
玩具-童车...积木-模型标准_彩泥-粘土-软陶泥_粘土-超轻粘土.txt,//detail.tmall.com/item.htm?id=43929357768,6
玩具-童车...积木-模型标准_彩泥-粘土-软陶泥_粘土-超轻粘土.txt,//detail.tmall.com/item.htm?id=44000798451,7
玩具-童车...积木-模型标准_彩泥-粘土-软陶泥_粘土-超轻粘土.txt,//detail.tmall.com/item.htm?id=534381476349,8
玩具-童车...积木-模型标准_彩泥-粘土-软陶泥_粘土-超轻粘土.txt,//detail.tmall.com/item.htm?id=45070487089,9
玩具-童车...积木-模型标准_彩泥-粘土-软陶泥_粘土-超轻粘土.txt,//item.taobao.com/item.htm?id=571830851349,10
玩具-童车...积木-模型标准_彩泥-粘土-软陶泥_粘土-超轻粘土.txt,//detail.tmall.com/item.htm?id=539420097663,11
玩具-童车...积木-模型标准_彩泥-粘土-软陶泥_粘土-超轻粘土.txt,//detail.tmall.com/item.htm?id=44737081342,12
玩具-童车...积木-模型标准_彩泥-粘土-软陶泥_粘土-超轻粘土.txt,//detail.tmall.com/item.htm?id=568764929779,13
玩具-童车...积木-模型标准_彩泥-粘土-软陶泥_粘土-超轻粘土.txt,//detail.tmall.com/item.htm?id=567253166232,14
玩具-童车...积木-模型标准_彩泥-粘土-软陶泥_粘土-超轻粘土.txt,//detail.tmall.com/item.htm?id=573082493832,15
玩具-童车...积木-模型标准_彩泥-粘土-软陶泥_粘土-超轻粘土.txt,//detail.tmall.com/item.htm?id=553369392840,16
玩具-童车...积木-模型标准_彩泥-粘土-软陶泥_粘土-超轻粘土.txt,//item.taobao.com/item.htm?id=584782816339,17
玩具-童车...积木-模型标准_彩泥-粘土-软陶泥_粘土-超轻粘土.txt,//detail.tmall.com/item.htm?id=580717782982,18
玩具-童车...积木-模型标准_彩泥-粘土-软陶泥_粘土-超轻粘土.txt,//item.taobao.com/item.htm?id=573200553191,19
玩具-童车...积木-模型标准_彩泥-粘土-软陶泥_粘土-超轻粘土.txt,//detail.tmall.com/item.htm?id=521274079054,20
玩具-童车...积木-模型标准_彩泥-粘土-软陶泥_软陶泥.txt,//detail.tmall.com/item.htm?id=542472311995,1
玩具-童车...积木-模型标准_彩泥-粘土-软陶泥_软陶泥.txt,//item.taobao.com/item.htm?id=570123300869,2
玩具-童车...积木-模型标准_彩泥-粘土-软陶泥_软陶泥.txt,//item.taobao.com/item.htm?id=553004286977,3
玩具-童车...积木-模型标准_彩泥-粘土-软陶泥_软陶泥.txt,//item.taobao.com/item.htm?id=583061744422,4
玩具-童车...积木-模型标准_彩泥-粘土-软陶泥_软陶泥.txt,//item.taobao.com/item.htm?id=520658859181,5
玩具-童车...积木-模型标准_彩泥-粘土-软陶泥_软陶泥.txt,//item.taobao.com/item.htm?id=558691085831,6
玩具-童车...积木-模型标准_彩泥-粘土-软陶泥_软陶泥.txt,//detail.tmall.com/item.htm?id=583413500549,7
玩具-童车...积木-模型标准_彩泥-粘土-软陶泥_软陶泥.txt,//item.taobao.com/item.htm?id=546516246815,8
玩具-童车...积木-模型标准_彩泥-粘土-软陶泥_软陶泥.txt,//item.taobao.com/item.htm?id=554395661485,9
玩具-童车...积木-模型标准_彩泥-粘土-软陶泥_软陶泥.txt,//detail.tmall.com/item.htm?id=14744036712,10
玩具-童车...积木-模型标准_彩泥-粘土-软陶泥_软陶泥.txt,//item.taobao.com/item.htm?id=587347112917,11
玩具-童车...积木-模型标准_彩泥-粘土-软陶泥_软陶泥.txt,//item.taobao.com/item.htm?id=589299853497,12
玩具-童车...积木-模型标准_彩泥-粘土-软陶泥_软陶泥.txt,//detail.tmall.com/item.htm?id=542783242352,13
玩具-童车...积木-模型标准_彩泥-粘土-软陶泥_软陶泥.txt,//item.taobao.com/item.htm?id=572261252231,14
玩具-童车...积木-模型标准_彩泥-粘土-软陶泥_软陶泥.txt,//item.taobao.com/item.htm?id=559277737889,15
玩具-童车...积木-模型标准_彩泥-粘土-软陶泥_软陶泥.txt,//item.taobao.com/item.htm?id=569518448536,16
玩具-童车...积木-模型标准_彩泥-粘土-软陶泥_软陶泥.txt,//item.taobao.com/item.htm?id=522833013424,17
玩具-童车...积木-模型标准_彩泥-粘土-软陶泥_软陶泥.txt,//item.taobao.com/item.htm?id=564310323225,18
玩具-童车...积木-模型标准_彩泥-粘土-软陶泥_软陶泥.txt,//item.taobao.com/item.htm?id=542813870720,19
玩具-童车...积木-模型标准_彩泥-粘土-软陶泥_软陶泥.txt,//item.taobao.com/item.htm?id=558797339827,20
玩具-童车...积木-模型标准_油动电动模型_固定翼.txt,//item.taobao.com/item.htm?id=564473906893,1
玩具-童车...积木-模型标准_油动电动模型_固定翼.txt,//item.taobao.com/item.htm?id=561328222532,2
玩具-童车...积木-模型标准_油动电动模型_固定翼.txt,//item.taobao.com/item.htm?id=535380381529,3
玩具-童车...积木-模型标准_油动电动模型_固定翼.txt,//item.taobao.com/item.htm?id=573891774468,4
玩具-童车...积木-模型标准_油动电动模型_固定翼.txt,//item.taobao.com/item.htm?id=552383131950,5
玩具-童车...积木-模型标准_油动电动模型_固定翼.txt,//item.taobao.com/item.htm?id=554618046018,6
玩具-童车...积木-模型标准_油动电动模型_固定翼.txt,//item.taobao.com/item.htm?id=579070830377,7
玩具-童车...积木-模型标准_油动电动模型_固定翼.txt,//item.taobao.com/item.htm?id=557731958424,8
玩具-童车...积木-模型标准_油动电动模型_固定翼.txt,//item.taobao.com/item.htm?id=560114556599,9
玩具-童车...积木-模型标准_油动电动模型_固定翼.txt,//item.taobao.com/item.htm?id=573525874598,10
玩具-童车...积木-模型标准_油动电动模型_固定翼.txt,//item.taobao.com/item.htm?id=589495021152,11
玩具-童车...积木-模型标准_油动电动模型_固定翼.txt,//item.taobao.com/item.htm?id=555976324156,12
玩具-童车...积木-模型标准_油动电动模型_固定翼.txt,//item.taobao.com/item.htm?id=552344812414,13
玩具-童车...积木-模型标准_油动电动模型_固定翼.txt,//item.taobao.com/item.htm?id=581928010145,14
玩具-童车...积木-模型标准_油动电动模型_固定翼.txt,//item.taobao.com/item.htm?id=572117966756,15
玩具-童车...积木-模型标准_油动电动模型_固定翼.txt,//item.taobao.com/item.htm?id=562036437119,16
玩具-童车...积木-模型标准_油动电动模型_固定翼.txt,//item.taobao.com/item.htm?id=561630068003,17
玩具-童车...积木-模型标准_油动电动模型_固定翼.txt,//item.taobao.com/item.htm?id=564187284760,18
玩具-童车...积木-模型标准_油动电动模型_固定翼.txt,//item.taobao.com/item.htm?id=39053703076,19
玩具-童车...积木-模型标准_油动电动模型_固定翼.txt,//item.taobao.com/item.htm?id=37646016842,20
玩具-童车...积木-模型标准_油动电动模型_坦克.txt,//item.taobao.com/item.htm?id=537994663804,1
玩具-童车...积木-模型标准_油动电动模型_坦克.txt,//item.taobao.com/item.htm?id=542670981281,2
玩具-童车...积木-模型标准_油动电动模型_坦克.txt,//item.taobao.com/item.htm?id=557546796760,3
玩具-童车...积木-模型标准_油动电动模型_坦克.txt,//item.taobao.com/item.htm?id=558340872835,4
玩具-童车...积木-模型标准_油动电动模型_坦克.txt,//item.taobao.com/item.htm?id=544730666957,5
玩具-童车...积木-模型标准_油动电动模型_坦克.txt,//item.taobao.com/item.htm?id=588040568716,6
玩具-童车...积木-模型标准_油动电动模型_坦克.txt,//item.taobao.com/item.htm?id=585669523923,7
玩具-童车...积木-模型标准_油动电动模型_坦克.txt,//item.taobao.com/item.htm?id=559865627126,8
玩具-童车...积木-模型标准_油动电动模型_坦克.txt,//item.taobao.com/item.htm?id=533691148422,9
玩具-童车...积木-模型标准_油动电动模型_坦克.txt,//item.taobao.com/item.htm?id=18607320299,10
玩具-童车...积木-模型标准_油动电动模型_坦克.txt,//item.taobao.com/item.htm?id=19083895091,11
玩具-童车...积木-模型标准_油动电动模型_坦克.txt,//item.taobao.com/item.htm?id=23115308508,12
玩具-童车...积木-模型标准_油动电动模型_坦克.txt,//item.taobao.com/item.htm?id=25943180003,13
玩具-童车...积木-模型标准_油动电动模型_坦克.txt,//item.taobao.com/item.htm?id=41294226936,14
玩具-童车...积木-模型标准_油动电动模型_坦克.txt,//item.taobao.com/item.htm?id=42794654557,15
玩具-童车...积木-模型标准_油动电动模型_坦克.txt,//item.taobao.com/item.htm?id=42912104431,16
玩具-童车...积木-模型标准_油动电动模型_坦克.txt,//item.taobao.com/item.htm?id=44021010624,17
玩具-童车...积木-模型标准_油动电动模型_坦克.txt,//item.taobao.com/item.htm?id=521997247546,18
玩具-童车...积木-模型标准_油动电动模型_坦克.txt,//item.taobao.com/item.htm?id=522200597216,19
玩具-童车...积木-模型标准_油动电动模型_坦克.txt,//item.taobao.com/item.htm?id=527350957767,20
玩具-童车...积木-模型标准_油动电动模型_直升机.txt,//item.taobao.com/item.htm?id=590045047353,1
玩具-童车...积木-模型标准_油动电动模型_直升机.txt,//item.taobao.com/item.htm?id=15158457984,2
玩具-童车...积木-模型标准_油动电动模型_直升机.txt,//item.taobao.com/item.htm?id=564170209195,3
玩具-童车...积木-模型标准_油动电动模型_直升机.txt,//item.taobao.com/item.htm?id=15933447765,4
玩具-童车...积木-模型标准_油动电动模型_直升机.txt,//item.taobao.com/item.htm?id=563883661241,5
玩具-童车...积木-模型标准_油动电动模型_直升机.txt,//item.taobao.com/item.htm?id=14131197863,6
玩具-童车...积木-模型标准_油动电动模型_直升机.txt,//item.taobao.com/item.htm?id=19269332919,7
玩具-童车...积木-模型标准_油动电动模型_直升机.txt,//item.taobao.com/item.htm?id=586810991174,8
玩具-童车...积木-模型标准_油动电动模型_直升机.txt,//item.taobao.com/item.htm?id=564031527980,9
玩具-童车...积木-模型标准_油动电动模型_直升机.txt,//item.taobao.com/item.htm?id=563776844035,10
玩具-童车...积木-模型标准_油动电动模型_直升机.txt,//item.taobao.com/item.htm?id=584519686101,11
玩具-童车...积木-模型标准_油动电动模型_直升机.txt,//item.taobao.com/item.htm?id=526377916583,12
玩具-童车...积木-模型标准_油动电动模型_直升机.txt,//item.taobao.com/item.htm?id=551673038876,13
玩具-童车...积木-模型标准_油动电动模型_直升机.txt,//item.taobao.com/item.htm?id=582093595418,14
玩具-童车...积木-模型标准_油动电动模型_直升机.txt,//item.taobao.com/item.htm?id=589778705407,15
玩具-童车...积木-模型标准_油动电动模型_直升机.txt,//item.taobao.com/item.htm?id=10596613513,16
玩具-童车...积木-模型标准_油动电动模型_直升机.txt,//item.taobao.com/item.htm?id=10804304269,17
玩具-童车...积木-模型标准_油动电动模型_直升机.txt,//item.taobao.com/item.htm?id=12474695300,18
玩具-童车...积木-模型标准_油动电动模型_直升机.txt,//item.taobao.com/item.htm?id=16148959742,19
玩具-童车...积木-模型标准_油动电动模型_直升机.txt,//item.taobao.com/item.htm?id=16149591151,20
玩具-童车...积木-模型标准_油动电动模型_船模.txt,//item.taobao.com/item.htm?id=584734781018,1
玩具-童车...积木-模型标准_油动电动模型_船模.txt,//item.taobao.com/item.htm?id=584866738056,2
玩具-童车...积木-模型标准_油动电动模型_船模.txt,//item.taobao.com/item.htm?id=42620768130,3
玩具-童车...积木-模型标准_油动电动模型_船模.txt,//item.taobao.com/item.htm?id=563513379144,4
玩具-童车...积木-模型标准_油动电动模型_船模.txt,//item.taobao.com/item.htm?id=530274898424,5
玩具-童车...积木-模型标准_油动电动模型_船模.txt,//item.taobao.com/item.htm?id=7359132138,6
玩具-童车...积木-模型标准_油动电动模型_船模.txt,//item.taobao.com/item.htm?id=589503420242,7
玩具-童车...积木-模型标准_油动电动模型_船模.txt,//item.taobao.com/item.htm?id=42706016210,8
玩具-童车...积木-模型标准_油动电动模型_船模.txt,//item.taobao.com/item.htm?id=588640384172,9
玩具-童车...积木-模型标准_油动电动模型_船模.txt,//item.taobao.com/item.htm?id=22107260560,10
玩具-童车...积木-模型标准_油动电动模型_船模.txt,//item.taobao.com/item.htm?id=577970843928,11
玩具-童车...积木-模型标准_油动电动模型_船模.txt,//item.taobao.com/item.htm?id=581896096658,12
玩具-童车...积木-模型标准_油动电动模型_船模.txt,//item.taobao.com/item.htm?id=589254199219,13
玩具-童车...积木-模型标准_油动电动模型_船模.txt,//item.taobao.com/item.htm?id=578681063728,14
玩具-童车...积木-模型标准_油动电动模型_船模.txt,//item.taobao.com/item.htm?id=536333826162,15
玩具-童车...积木-模型标准_油动电动模型_船模.txt,//item.taobao.com/item.htm?id=585605956235,16
玩具-童车...积木-模型标准_油动电动模型_船模.txt,//item.taobao.com/item.htm?id=588613886792,17
玩具-童车...积木-模型标准_油动电动模型_船模.txt,//item.taobao.com/item.htm?id=553101058237,18
玩具-童车...积木-模型标准_油动电动模型_船模.txt,//item.taobao.com/item.htm?id=578952952698,19
玩具-童车...积木-模型标准_油动电动模型_船模.txt,//item.taobao.com/item.htm?id=580956218262,20
玩具-童车...积木-模型标准_油动电动模型_车模.txt,//item.taobao.com/item.htm?id=582257084982,1
玩具-童车...积木-模型标准_油动电动模型_车模.txt,//item.taobao.com/item.htm?id=587165929256,2
玩具-童车...积木-模型标准_油动电动模型_车模.txt,//item.taobao.com/item.htm?id=587634317857,3
玩具-童车...积木-模型标准_油动电动模型_车模.txt,//item.taobao.com/item.htm?id=586815643646,4
玩具-童车...积木-模型标准_油动电动模型_车模.txt,//item.taobao.com/item.htm?id=549475062007,5
玩具-童车...积木-模型标准_油动电动模型_车模.txt,//item.taobao.com/item.htm?id=546269539075,6
玩具-童车...积木-模型标准_油动电动模型_车模.txt,//item.taobao.com/item.htm?id=584769379000,7
玩具-童车...积木-模型标准_油动电动模型_车模.txt,//item.taobao.com/item.htm?id=563996596983,8
玩具-童车...积木-模型标准_油动电动模型_车模.txt,//item.taobao.com/item.htm?id=39049312108,9
玩具-童车...积木-模型标准_油动电动模型_车模.txt,//item.taobao.com/item.htm?id=16954348342,10
玩具-童车...积木-模型标准_油动电动模型_车模.txt,//item.taobao.com/item.htm?id=564676320064,11
玩具-童车...积木-模型标准_油动电动模型_车模.txt,//item.taobao.com/item.htm?id=584865173318,12
玩具-童车...积木-模型标准_油动电动模型_车模.txt,//item.taobao.com/item.htm?id=43695201829,13
玩具-童车...积木-模型标准_油动电动模型_车模.txt,//item.taobao.com/item.htm?id=44183466716,14
玩具-童车...积木-模型标准_油动电动模型_车模.txt,//item.taobao.com/item.htm?id=42227673462,15
玩具-童车...积木-模型标准_油动电动模型_车模.txt,//item.taobao.com/item.htm?id=588860040336,16
玩具-童车...积木-模型标准_油动电动模型_车模.txt,//item.taobao.com/item.htm?id=556433723569,17
玩具-童车...积木-模型标准_油动电动模型_车模.txt,//item.taobao.com/item.htm?id=550992269229,18
玩具-童车...积木-模型标准_油动电动模型_车模.txt,//item.taobao.com/item.htm?id=587853292860,19
玩具-童车...积木-模型标准_油动电动模型_车模.txt,//item.taobao.com/item.htm?id=576039058858,20
玩具-童车...积木-模型标准_电动遥控玩具零件-工具_四驱车零配件-工具.txt,//item.taobao.com/item.htm?id=587861270386,1
玩具-童车...积木-模型标准_电动遥控玩具零件-工具_四驱车零配件-工具.txt,//item.taobao.com/item.htm?id=576445253648,2
玩具-童车...积木-模型标准_电动遥控玩具零件-工具_四驱车零配件-工具.txt,//item.taobao.com/item.htm?id=560676236482,3
玩具-童车...积木-模型标准_电动遥控玩具零件-工具_四驱车零配件-工具.txt,//item.taobao.com/item.htm?id=557696064249,4
玩具-童车...积木-模型标准_电动遥控玩具零件-工具_四驱车零配件-工具.txt,//item.taobao.com/item.htm?id=35976745977,5
玩具-童车...积木-模型标准_电动遥控玩具零件-工具_四驱车零配件-工具.txt,//item.taobao.com/item.htm?id=582899128231,6
玩具-童车...积木-模型标准_电动遥控玩具零件-工具_四驱车零配件-工具.txt,//item.taobao.com/item.htm?id=21060904954,7
玩具-童车...积木-模型标准_电动遥控玩具零件-工具_四驱车零配件-工具.txt,//item.taobao.com/item.htm?id=547561331146,8
玩具-童车...积木-模型标准_电动遥控玩具零件-工具_四驱车零配件-工具.txt,//item.taobao.com/item.htm?id=545744321143,9
玩具-童车...积木-模型标准_电动遥控玩具零件-工具_四驱车零配件-工具.txt,//item.taobao.com/item.htm?id=564992214669,10
玩具-童车...积木-模型标准_电动遥控玩具零件-工具_四驱车零配件-工具.txt,//item.taobao.com/item.htm?id=564010735277,11
玩具-童车...积木-模型标准_电动遥控玩具零件-工具_四驱车零配件-工具.txt,//item.taobao.com/item.htm?id=564116221770,12
玩具-童车...积木-模型标准_电动遥控玩具零件-工具_四驱车零配件-工具.txt,//item.taobao.com/item.htm?id=545183700234,13
玩具-童车...积木-模型标准_电动遥控玩具零件-工具_四驱车零配件-工具.txt,//item.taobao.com/item.htm?id=524978147839,14
玩具-童车...积木-模型标准_电动遥控玩具零件-工具_四驱车零配件-工具.txt,//item.taobao.com/item.htm?id=35978173177,15
玩具-童车...积木-模型标准_电动遥控玩具零件-工具_四驱车零配件-工具.txt,//item.taobao.com/item.htm?id=562657367724,16
玩具-童车...积木-模型标准_电动遥控玩具零件-工具_四驱车零配件-工具.txt,//item.taobao.com/item.htm?id=520505476911,17
玩具-童车...积木-模型标准_电动遥控玩具零件-工具_四驱车零配件-工具.txt,//item.taobao.com/item.htm?id=546638536685,18
玩具-童车...积木-模型标准_电动遥控玩具零件-工具_四驱车零配件-工具.txt,//item.taobao.com/item.htm?id=572360115217,19
玩具-童车...积木-模型标准_电动遥控玩具零件-工具_四驱车零配件-工具.txt,//item.taobao.com/item.htm?id=39119904132,20
玩具-童车...积木-模型标准_电动遥控玩具零件-工具_遥控车升级件-零配件.txt,//item.taobao.com/item.htm?id=37405819586,1
玩具-童车...积木-模型标准_电动遥控玩具零件-工具_遥控车升级件-零配件.txt,//item.taobao.com/item.htm?id=547604724121,2
玩具-童车...积木-模型标准_电动遥控玩具零件-工具_遥控车升级件-零配件.txt,//item.taobao.com/item.htm?id=547875060963,3
玩具-童车...积木-模型标准_电动遥控玩具零件-工具_遥控车升级件-零配件.txt,//item.taobao.com/item.htm?id=561858316499,4
玩具-童车...积木-模型标准_电动遥控玩具零件-工具_遥控车升级件-零配件.txt,//item.taobao.com/item.htm?id=536257913394,5
玩具-童车...积木-模型标准_电动遥控玩具零件-工具_遥控车升级件-零配件.txt,//item.taobao.com/item.htm?id=520418955601,6
玩具-童车...积木-模型标准_电动遥控玩具零件-工具_遥控车升级件-零配件.txt,//item.taobao.com/item.htm?id=586006410600,7
玩具-童车...积木-模型标准_电动遥控玩具零件-工具_遥控车升级件-零配件.txt,//item.taobao.com/item.htm?id=551918586286,8
玩具-童车...积木-模型标准_电动遥控玩具零件-工具_遥控车升级件-零配件.txt,//item.taobao.com/item.htm?id=565845386613,9
玩具-童车...积木-模型标准_电动遥控玩具零件-工具_遥控车升级件-零配件.txt,//item.taobao.com/item.htm?id=527349190360,10
玩具-童车...积木-模型标准_电动遥控玩具零件-工具_遥控车升级件-零配件.txt,//item.taobao.com/item.htm?id=570208298717,11
玩具-童车...积木-模型标准_电动遥控玩具零件-工具_遥控车升级件-零配件.txt,//item.taobao.com/item.htm?id=524914696098,12
玩具-童车...积木-模型标准_电动遥控玩具零件-工具_遥控车升级件-零配件.txt,//item.taobao.com/item.htm?id=520348161706,13
玩具-童车...积木-模型标准_电动遥控玩具零件-工具_遥控车升级件-零配件.txt,//item.taobao.com/item.htm?id=569654809048,14
玩具-童车...积木-模型标准_电动遥控玩具零件-工具_遥控车升级件-零配件.txt,//item.taobao.com/item.htm?id=585401768616,15
玩具-童车...积木-模型标准_电动遥控玩具零件-工具_遥控车升级件-零配件.txt,//item.taobao.com/item.htm?id=527419911612,16
玩具-童车...积木-模型标准_电动遥控玩具零件-工具_遥控车升级件-零配件.txt,//item.taobao.com/item.htm?id=37321086054,17
玩具-童车...积木-模型标准_电动遥控玩具零件-工具_遥控车升级件-零配件.txt,//item.taobao.com/item.htm?id=586132197484,18
玩具-童车...积木-模型标准_电动遥控玩具零件-工具_遥控车升级件-零配件.txt,//detail.tmall.com/item.htm?id=40017961251,19
玩具-童车...积木-模型标准_电动遥控玩具零件-工具_遥控车升级件-零配件.txt,//item.taobao.com/item.htm?id=589825893149,20
玩具-童车...积木-模型标准_电动遥控玩具零件-工具_遥控飞机零配件.txt,//item.taobao.com/item.htm?id=565248858323,1
玩具-童车...积木-模型标准_电动遥控玩具零件-工具_遥控飞机零配件.txt,//item.taobao.com/item.htm?id=576080849153,2
玩具-童车...积木-模型标准_电动遥控玩具零件-工具_遥控飞机零配件.txt,//item.taobao.com/item.htm?id=575386936624,3
玩具-童车...积木-模型标准_电动遥控玩具零件-工具_遥控飞机零配件.txt,//item.taobao.com/item.htm?id=572125907033,4
玩具-童车...积木-模型标准_电动遥控玩具零件-工具_遥控飞机零配件.txt,//item.taobao.com/item.htm?id=546474553948,5
玩具-童车...积木-模型标准_电动遥控玩具零件-工具_遥控飞机零配件.txt,//item.taobao.com/item.htm?id=572067603160,6
玩具-童车...积木-模型标准_电动遥控玩具零件-工具_遥控飞机零配件.txt,//item.taobao.com/item.htm?id=40340403528,7
玩具-童车...积木-模型标准_电动遥控玩具零件-工具_遥控飞机零配件.txt,//item.taobao.com/item.htm?id=572311937124,8
玩具-童车...积木-模型标准_电动遥控玩具零件-工具_遥控飞机零配件.txt,//item.taobao.com/item.htm?id=40999976288,9
玩具-童车...积木-模型标准_电动遥控玩具零件-工具_遥控飞机零配件.txt,//item.taobao.com/item.htm?id=561925182031,10
玩具-童车...积木-模型标准_电动遥控玩具零件-工具_遥控飞机零配件.txt,//item.taobao.com/item.htm?id=588171045604,11
玩具-童车...积木-模型标准_电动遥控玩具零件-工具_遥控飞机零配件.txt,//item.taobao.com/item.htm?id=520304029451,12
玩具-童车...积木-模型标准_电动遥控玩具零件-工具_遥控飞机零配件.txt,//item.taobao.com/item.htm?id=589794597121,13
玩具-童车...积木-模型标准_电动遥控玩具零件-工具_遥控飞机零配件.txt,//item.taobao.com/item.htm?id=575928939235,14
玩具-童车...积木-模型标准_电动遥控玩具零件-工具_遥控飞机零配件.txt,//item.taobao.com/item.htm?id=14243669057,15
玩具-童车...积木-模型标准_电动遥控玩具零件-工具_遥控飞机零配件.txt,//item.taobao.com/item.htm?id=550015560346,16
玩具-童车...积木-模型标准_电动遥控玩具零件-工具_遥控飞机零配件.txt,//item.taobao.com/item.htm?id=578168738357,17
玩具-童车...积木-模型标准_电动遥控玩具零件-工具_遥控飞机零配件.txt,//item.taobao.com/item.htm?id=543434075916,18
玩具-童车...积木-模型标准_电动遥控玩具零件-工具_遥控飞机零配件.txt,//item.taobao.com/item.htm?id=557013494698,19
玩具-童车...积木-模型标准_电动遥控玩具零件-工具_遥控飞机零配件.txt,//item.taobao.com/item.htm?id=45676643447,20
玩具-童车...积木-模型标准_电子-发光...-整蛊玩具_创意-整蛊玩具.txt,//item.taobao.com/item.htm?id=528957829193,1
玩具-童车...积木-模型标准_电子-发光...-整蛊玩具_创意-整蛊玩具.txt,//item.taobao.com/item.htm?id=571626199613,2
玩具-童车...积木-模型标准_电子-发光...-整蛊玩具_创意-整蛊玩具.txt,//item.taobao.com/item.htm?id=586724537737,3
玩具-童车...积木-模型标准_电子-发光...-整蛊玩具_创意-整蛊玩具.txt,//item.taobao.com/item.htm?id=555437047075,4
玩具-童车...积木-模型标准_电子-发光...-整蛊玩具_创意-整蛊玩具.txt,//item.taobao.com/item.htm?id=550780861098,5
玩具-童车...积木-模型标准_电子-发光...-整蛊玩具_创意-整蛊玩具.txt,//item.taobao.com/item.htm?id=559341945051,6
玩具-童车...积木-模型标准_电子-发光...-整蛊玩具_创意-整蛊玩具.txt,//item.taobao.com/item.htm?id=580832152316,7
玩具-童车...积木-模型标准_电子-发光...-整蛊玩具_创意-整蛊玩具.txt,//item.taobao.com/item.htm?id=570311007043,8
玩具-童车...积木-模型标准_电子-发光...-整蛊玩具_创意-整蛊玩具.txt,//item.taobao.com/item.htm?id=556089496188,9
玩具-童车...积木-模型标准_电子-发光...-整蛊玩具_创意-整蛊玩具.txt,//item.taobao.com/item.htm?id=566302756910,10
玩具-童车...积木-模型标准_电子-发光...-整蛊玩具_创意-整蛊玩具.txt,//detail.tmall.com/item.htm?id=588810696837,11
玩具-童车...积木-模型标准_电子-发光...-整蛊玩具_创意-整蛊玩具.txt,//item.taobao.com/item.htm?id=576504174505,12
玩具-童车...积木-模型标准_电子-发光...-整蛊玩具_创意-整蛊玩具.txt,//detail.tmall.com/item.htm?id=582031085984,13
玩具-童车...积木-模型标准_电子-发光...-整蛊玩具_创意-整蛊玩具.txt,//detail.tmall.com/item.htm?id=586067221929,14
玩具-童车...积木-模型标准_电子-发光...-整蛊玩具_创意-整蛊玩具.txt,//item.taobao.com/item.htm?id=577032324503,15
玩具-童车...积木-模型标准_电子-发光...-整蛊玩具_创意-整蛊玩具.txt,//detail.tmall.com/item.htm?id=573575499567,16
玩具-童车...积木-模型标准_电子-发光...-整蛊玩具_创意-整蛊玩具.txt,//detail.tmall.com/item.htm?id=568039459730,17
玩具-童车...积木-模型标准_电子-发光...-整蛊玩具_创意-整蛊玩具.txt,//item.taobao.com/item.htm?id=571440437445,18
玩具-童车...积木-模型标准_电子-发光...-整蛊玩具_创意-整蛊玩具.txt,//item.taobao.com/item.htm?id=567840255312,19
玩具-童车...积木-模型标准_电子-发光...-整蛊玩具_创意-整蛊玩具.txt,//detail.tmall.com/item.htm?id=585384069295,20
玩具-童车...积木-模型标准_电子-发光...-整蛊玩具_发光玩具.txt,//item.taobao.com/item.htm?id=556518759950,1
玩具-童车...积木-模型标准_电子-发光...-整蛊玩具_发光玩具.txt,//item.taobao.com/item.htm?id=589754253210,2
玩具-童车...积木-模型标准_电子-发光...-整蛊玩具_发光玩具.txt,//item.taobao.com/item.htm?id=566533805649,3
玩具-童车...积木-模型标准_电子-发光...-整蛊玩具_发光玩具.txt,//item.taobao.com/item.htm?id=550466898596,4
玩具-童车...积木-模型标准_电子-发光...-整蛊玩具_发光玩具.txt,//detail.tmall.com/item.htm?id=566268125899,5
玩具-童车...积木-模型标准_电子-发光...-整蛊玩具_发光玩具.txt,//item.taobao.com/item.htm?id=44893699882,6
玩具-童车...积木-模型标准_电子-发光...-整蛊玩具_发光玩具.txt,//item.taobao.com/item.htm?id=588467181900,7
玩具-童车...积木-模型标准_电子-发光...-整蛊玩具_发光玩具.txt,//detail.tmall.com/item.htm?id=541764365183,8
玩具-童车...积木-模型标准_电子-发光...-整蛊玩具_发光玩具.txt,//detail.tmall.com/item.htm?id=585867000268,9
玩具-童车...积木-模型标准_电子-发光...-整蛊玩具_发光玩具.txt,//item.taobao.com/item.htm?id=585215417549,10
玩具-童车...积木-模型标准_电子-发光...-整蛊玩具_发光玩具.txt,//detail.tmall.com/item.htm?id=556160654995,11
玩具-童车...积木-模型标准_电子-发光...-整蛊玩具_发光玩具.txt,//detail.tmall.com/item.htm?id=576030438546,12
玩具-童车...积木-模型标准_电子-发光...-整蛊玩具_发光玩具.txt,//item.taobao.com/item.htm?id=544074890361,13
玩具-童车...积木-模型标准_电子-发光...-整蛊玩具_发光玩具.txt,//item.taobao.com/item.htm?id=564296682901,14
玩具-童车...积木-模型标准_电子-发光...-整蛊玩具_发光玩具.txt,//item.taobao.com/item.htm?id=589440510921,15
玩具-童车...积木-模型标准_电子-发光...-整蛊玩具_发光玩具.txt,//item.taobao.com/item.htm?id=572952608748,16
玩具-童车...积木-模型标准_电子-发光...-整蛊玩具_发光玩具.txt,//item.taobao.com/item.htm?id=532975574820,17
玩具-童车...积木-模型标准_电子-发光...-整蛊玩具_发光玩具.txt,//item.taobao.com/item.htm?id=576975725190,18
玩具-童车...积木-模型标准_电子-发光...-整蛊玩具_发光玩具.txt,//detail.tmall.com/item.htm?id=579739861543,19
玩具-童车...积木-模型标准_电子-发光...-整蛊玩具_发光玩具.txt,//detail.tmall.com/item.htm?id=565235803914,20
玩具-童车...积木-模型标准_电子-发光...-整蛊玩具_塑料充气玩...材质勿放）.txt,//item.taobao.com/item.htm?id=38082814650,1
玩具-童车...积木-模型标准_电子-发光...-整蛊玩具_塑料充气玩...材质勿放）.txt,//item.taobao.com/item.htm?id=15350354936,2
玩具-童车...积木-模型标准_电子-发光...-整蛊玩具_塑料充气玩...材质勿放）.txt,//item.taobao.com/item.htm?id=532123450021,3
玩具-童车...积木-模型标准_电子-发光...-整蛊玩具_塑料充气玩...材质勿放）.txt,//item.taobao.com/item.htm?id=569044110703,4
玩具-童车...积木-模型标准_电子-发光...-整蛊玩具_塑料充气玩...材质勿放）.txt,//item.taobao.com/item.htm?id=524421305651,5
玩具-童车...积木-模型标准_电子-发光...-整蛊玩具_塑料充气玩...材质勿放）.txt,//item.taobao.com/item.htm?id=20089740051,6
玩具-童车...积木-模型标准_电子-发光...-整蛊玩具_塑料充气玩...材质勿放）.txt,//item.taobao.com/item.htm?id=533040294740,7
玩具-童车...积木-模型标准_电子-发光...-整蛊玩具_塑料充气玩...材质勿放）.txt,//item.taobao.com/item.htm?id=569585275939,8
玩具-童车...积木-模型标准_电子-发光...-整蛊玩具_塑料充气玩...材质勿放）.txt,//item.taobao.com/item.htm?id=533248152321,9
玩具-童车...积木-模型标准_电子-发光...-整蛊玩具_塑料充气玩...材质勿放）.txt,//item.taobao.com/item.htm?id=587182134579,10
玩具-童车...积木-模型标准_电子-发光...-整蛊玩具_塑料充气玩...材质勿放）.txt,//item.taobao.com/item.htm?id=528191521856,11
玩具-童车...积木-模型标准_电子-发光...-整蛊玩具_塑料充气玩...材质勿放）.txt,//item.taobao.com/item.htm?id=528287254914,12
玩具-童车...积木-模型标准_电子-发光...-整蛊玩具_塑料充气玩...材质勿放）.txt,//item.taobao.com/item.htm?id=546412079743,13
玩具-童车...积木-模型标准_电子-发光...-整蛊玩具_塑料充气玩...材质勿放）.txt,//item.taobao.com/item.htm?id=563205372486,14
玩具-童车...积木-模型标准_电子-发光...-整蛊玩具_塑料充气玩...材质勿放）.txt,//item.taobao.com/item.htm?id=38087129880,15
玩具-童车...积木-模型标准_电子-发光...-整蛊玩具_塑料充气玩...材质勿放）.txt,//item.taobao.com/item.htm?id=570825414627,16
玩具-童车...积木-模型标准_电子-发光...-整蛊玩具_塑料充气玩...材质勿放）.txt,//item.taobao.com/item.htm?id=520854658530,17
玩具-童车...积木-模型标准_电子-发光...-整蛊玩具_塑料充气玩...材质勿放）.txt,//item.taobao.com/item.htm?id=541738214612,18
玩具-童车...积木-模型标准_电子-发光...-整蛊玩具_塑料充气玩...材质勿放）.txt,//item.taobao.com/item.htm?id=563276992062,19
玩具-童车...积木-模型标准_电子-发光...-整蛊玩具_塑料充气玩...材质勿放）.txt,//item.taobao.com/item.htm?id=561493349759,20
玩具-童车...积木-模型标准_电子-发光...-整蛊玩具_电子玩具.txt,//item.taobao.com/item.htm?id=578501742177,1
玩具-童车...积木-模型标准_电子-发光...-整蛊玩具_电子玩具.txt,//item.taobao.com/item.htm?id=579156549931,2
玩具-童车...积木-模型标准_电子-发光...-整蛊玩具_电子玩具.txt,//item.taobao.com/item.htm?id=580197187295,3
玩具-童车...积木-模型标准_电子-发光...-整蛊玩具_电子玩具.txt,//detail.tmall.com/item.htm?id=526211595641,4
玩具-童车...积木-模型标准_电子-发光...-整蛊玩具_电子玩具.txt,//item.taobao.com/item.htm?id=569858712171,5
玩具-童车...积木-模型标准_电子-发光...-整蛊玩具_电子玩具.txt,//item.taobao.com/item.htm?id=534840505707,6
玩具-童车...积木-模型标准_电子-发光...-整蛊玩具_电子玩具.txt,//item.taobao.com/item.htm?id=576603869201,7
玩具-童车...积木-模型标准_电子-发光...-整蛊玩具_电子玩具.txt,//item.taobao.com/item.htm?id=557557471844,8
玩具-童车...积木-模型标准_电子-发光...-整蛊玩具_电子玩具.txt,//item.taobao.com/item.htm?id=553546157291,9
玩具-童车...积木-模型标准_电子-发光...-整蛊玩具_电子玩具.txt,//item.taobao.com/item.htm?id=568518859611,10
玩具-童车...积木-模型标准_电子-发光...-整蛊玩具_电子玩具.txt,//item.taobao.com/item.htm?id=585470255106,11
玩具-童车...积木-模型标准_电子-发光...-整蛊玩具_电子玩具.txt,//item.taobao.com/item.htm?id=536987860143,12
玩具-童车...积木-模型标准_电子-发光...-整蛊玩具_电子玩具.txt,//item.taobao.com/item.htm?id=580351622957,13
玩具-童车...积木-模型标准_电子-发光...-整蛊玩具_电子玩具.txt,//item.taobao.com/item.htm?id=555434804186,14
玩具-童车...积木-模型标准_电子-发光...-整蛊玩具_电子玩具.txt,//item.taobao.com/item.htm?id=556193040214,15
玩具-童车...积木-模型标准_电子-发光...-整蛊玩具_电子玩具.txt,//item.taobao.com/item.htm?id=542350937072,16
玩具-童车...积木-模型标准_电子-发光...-整蛊玩具_电子玩具.txt,//item.taobao.com/item.htm?id=589813063191,17
玩具-童车...积木-模型标准_电子-发光...-整蛊玩具_电子玩具.txt,//item.taobao.com/item.htm?id=583509434295,18
玩具-童车...积木-模型标准_电子-发光...-整蛊玩具_电子玩具.txt,//item.taobao.com/item.htm?id=568628936467,19
玩具-童车...积木-模型标准_电子-发光...-整蛊玩具_电子玩具.txt,//detail.tmall.com/item.htm?id=19628184739,20
玩具-童车...积木-模型标准_育儿书籍_儿童营养健康.txt,//item.taobao.com/item.htm?id=589285327290,1
玩具-童车...积木-模型标准_育儿书籍_儿童营养健康.txt,//item.taobao.com/item.htm?id=567443089078,2
玩具-童车...积木-模型标准_育儿书籍_儿童营养健康.txt,//item.taobao.com/item.htm?id=12591309796,3
玩具-童车...积木-模型标准_育儿书籍_儿童营养健康.txt,//item.taobao.com/item.htm?id=534368478581,4
玩具-童车...积木-模型标准_育儿书籍_儿童营养健康.txt,//item.taobao.com/item.htm?id=544505928826,5
玩具-童车...积木-模型标准_育儿书籍_儿童营养健康.txt,//item.taobao.com/item.htm?id=558343008362,6
玩具-童车...积木-模型标准_育儿书籍_儿童营养健康.txt,//item.taobao.com/item.htm?id=565154770489,7
玩具-童车...积木-模型标准_育儿书籍_儿童营养健康.txt,//detail.tmall.com/item.htm?id=566154380100,8
玩具-童车...积木-模型标准_育儿书籍_儿童营养健康.txt,//detail.tmall.com/item.htm?id=566344082112,9
玩具-童车...积木-模型标准_育儿书籍_儿童营养健康.txt,//detail.tmall.com/item.htm?id=566347614118,10
玩具-童车...积木-模型标准_育儿书籍_儿童营养健康.txt,//item.taobao.com/item.htm?id=568706002453,11
玩具-童车...积木-模型标准_育儿书籍_儿童营养健康.txt,//item.taobao.com/item.htm?id=585958095940,12
玩具-童车...积木-模型标准_育儿书籍_儿童营养健康.txt,//item.taobao.com/item.htm?id=588768640446,13
玩具-童车...积木-模型标准_育儿书籍_儿童营养健康.txt,//item.taobao.com/item.htm?id=7710061056,14
玩具-童车...积木-模型标准_育儿书籍_孕产-育儿.txt,//item.taobao.com/item.htm?id=5569755094,1
玩具-童车...积木-模型标准_育儿书籍_孕产-育儿.txt,//item.taobao.com/item.htm?id=557602911219,2
玩具-童车...积木-模型标准_育儿书籍_孕产-育儿.txt,//item.taobao.com/item.htm?id=585044012401,3
玩具-童车...积木-模型标准_育儿书籍_孕产-育儿.txt,//item.taobao.com/item.htm?id=555725118018,4
玩具-童车...积木-模型标准_育儿书籍_孕产-育儿.txt,//item.taobao.com/item.htm?id=565097557772,5
玩具-童车...积木-模型标准_育儿书籍_孕产-育儿.txt,//item.taobao.com/item.htm?id=565098133042,6
玩具-童车...积木-模型标准_育儿书籍_孕产-育儿.txt,//item.taobao.com/item.htm?id=10388039100,7
玩具-童车...积木-模型标准_育儿书籍_孕产-育儿.txt,//item.taobao.com/item.htm?id=14521557281,8
玩具-童车...积木-模型标准_育儿书籍_孕产-育儿.txt,//item.taobao.com/item.htm?id=16362752728,9
玩具-童车...积木-模型标准_育儿书籍_孕产-育儿.txt,//item.taobao.com/item.htm?id=20082339280,10
玩具-童车...积木-模型标准_育儿书籍_孕产-育儿.txt,//item.taobao.com/item.htm?id=22431136003,11
玩具-童车...积木-模型标准_育儿书籍_孕产-育儿.txt,//item.taobao.com/item.htm?id=35888513093,12
玩具-童车...积木-模型标准_育儿书籍_孕产-育儿.txt,//item.taobao.com/item.htm?id=41153454017,13
玩具-童车...积木-模型标准_育儿书籍_孕产-育儿.txt,//item.taobao.com/item.htm?id=41249849449,14
玩具-童车...积木-模型标准_育儿书籍_孕产-育儿.txt,//item.taobao.com/item.htm?id=44183233459,15
玩具-童车...积木-模型标准_育儿书籍_孕产-育儿.txt,//item.taobao.com/item.htm?id=44202176046,16
玩具-童车...积木-模型标准_育儿书籍_孕产-育儿.txt,//item.taobao.com/item.htm?id=536125494610,17
玩具-童车...积木-模型标准_育儿书籍_孕产-育儿.txt,//item.taobao.com/item.htm?id=536198946653,18
玩具-童车...积木-模型标准_育儿书籍_孕产-育儿.txt,//item.taobao.com/item.htm?id=542335051099,19
玩具-童车...积木-模型标准_育儿书籍_孕产-育儿.txt,//item.taobao.com/item.htm?id=544012559947,20
玩具-童车...积木-模型标准_育儿书籍_家庭教育.txt,//item.taobao.com/item.htm?id=546698140574,1
玩具-童车...积木-模型标准_育儿书籍_家庭教育.txt,//item.taobao.com/item.htm?id=546394469092,2
玩具-童车...积木-模型标准_育儿书籍_家庭教育.txt,//item.taobao.com/item.htm?id=565250744938,3
玩具-童车...积木-模型标准_育儿书籍_家庭教育.txt,//item.taobao.com/item.htm?id=583184578806,4
玩具-童车...积木-模型标准_育儿书籍_家庭教育.txt,//item.taobao.com/item.htm?id=567159085234,5
玩具-童车...积木-模型标准_育儿书籍_家庭教育.txt,//item.taobao.com/item.htm?id=574562033378,6
玩具-童车...积木-模型标准_育儿书籍_家庭教育.txt,//item.taobao.com/item.htm?id=580171493037,7
玩具-童车...积木-模型标准_育儿书籍_家庭教育.txt,//item.taobao.com/item.htm?id=576679644276,8
玩具-童车...积木-模型标准_育儿书籍_家庭教育.txt,//item.taobao.com/item.htm?id=583016286903,9
玩具-童车...积木-模型标准_育儿书籍_家庭教育.txt,//item.taobao.com/item.htm?id=574398378416,10
玩具-童车...积木-模型标准_育儿书籍_家庭教育.txt,//item.taobao.com/item.htm?id=583330083718,11
玩具-童车...积木-模型标准_育儿书籍_家庭教育.txt,//item.taobao.com/item.htm?id=565284126816,12
玩具-童车...积木-模型标准_育儿书籍_家庭教育.txt,//item.taobao.com/item.htm?id=567593317355,13
玩具-童车...积木-模型标准_育儿书籍_家庭教育.txt,//item.taobao.com/item.htm?id=571176421975,14
玩具-童车...积木-模型标准_育儿书籍_家庭教育.txt,//item.taobao.com/item.htm?id=563963535686,15
玩具-童车...积木-模型标准_育儿书籍_家庭教育.txt,//item.taobao.com/item.htm?id=567882377627,16
玩具-童车...积木-模型标准_育儿书籍_家庭教育.txt,//item.taobao.com/item.htm?id=567631386206,17
玩具-童车...积木-模型标准_育儿书籍_家庭教育.txt,//item.taobao.com/item.htm?id=563817713797,18
玩具-童车...积木-模型标准_育儿书籍_家庭教育.txt,//item.taobao.com/item.htm?id=565589711545,19
玩具-童车...积木-模型标准_育儿书籍_家庭教育.txt,//item.taobao.com/item.htm?id=584592504672,20
玩具-童车...积木-模型标准_育儿书籍_育儿其他.txt,//item.taobao.com/item.htm?id=544085194646,1
玩具-童车...积木-模型标准_育儿书籍_育儿其他.txt,//item.taobao.com/item.htm?id=580829477669,2
玩具-童车...积木-模型标准_育儿书籍_育儿其他.txt,//item.taobao.com/item.htm?id=548190126697,3
玩具-童车...积木-模型标准_育儿书籍_育儿其他.txt,//item.taobao.com/item.htm?id=538984867792,4
玩具-童车...积木-模型标准_育儿书籍_育儿其他.txt,//item.taobao.com/item.htm?id=19072129702,5
玩具-童车...积木-模型标准_育儿书籍_育儿其他.txt,//item.taobao.com/item.htm?id=587356698149,6
玩具-童车...积木-模型标准_育儿书籍_育儿其他.txt,//item.taobao.com/item.htm?id=548218671426,7
玩具-童车...积木-模型标准_育儿书籍_育儿其他.txt,//item.taobao.com/item.htm?id=525912800405,8
玩具-童车...积木-模型标准_育儿书籍_育儿其他.txt,//item.taobao.com/item.htm?id=557259779063,9
玩具-童车...积木-模型标准_育儿书籍_育儿其他.txt,//item.taobao.com/item.htm?id=567129126098,10
玩具-童车...积木-模型标准_育儿书籍_育儿其他.txt,//item.taobao.com/item.htm?id=564756630248,11
玩具-童车...积木-模型标准_育儿书籍_育儿其他.txt,//item.taobao.com/item.htm?id=553305402082,12
玩具-童车...积木-模型标准_育儿书籍_育儿其他.txt,//item.taobao.com/item.htm?id=582604409235,13
玩具-童车...积木-模型标准_育儿书籍_育儿其他.txt,//item.taobao.com/item.htm?id=563072695493,14
玩具-童车...积木-模型标准_育儿书籍_育儿其他.txt,//item.taobao.com/item.htm?id=551161292352,15
玩具-童车...积木-模型标准_育儿书籍_育儿其他.txt,//item.taobao.com/item.htm?id=544542638102,16
玩具-童车...积木-模型标准_育儿书籍_育儿其他.txt,//item.taobao.com/item.htm?id=553981830283,17
玩具-童车...积木-模型标准_育儿书籍_育儿其他.txt,//item.taobao.com/item.htm?id=543619993184,18
玩具-童车...积木-模型标准_育儿书籍_育儿其他.txt,//item.taobao.com/item.htm?id=528709681915,19
玩具-童车...积木-模型标准_育儿书籍_育儿其他.txt,//item.taobao.com/item.htm?id=543489278996,20
玩具-童车...积木-模型标准_育儿书籍_育儿百科.txt,//item.taobao.com/item.htm?id=558810115049,1
玩具-童车...积木-模型标准_育儿书籍_育儿百科.txt,//item.taobao.com/item.htm?id=573050566334,2
玩具-童车...积木-模型标准_育儿书籍_育儿百科.txt,//item.taobao.com/item.htm?id=574468893646,3
玩具-童车...积木-模型标准_育儿书籍_育儿百科.txt,//item.taobao.com/item.htm?id=547106675535,4
玩具-童车...积木-模型标准_育儿书籍_育儿百科.txt,//item.taobao.com/item.htm?id=574317164784,5
玩具-童车...积木-模型标准_育儿书籍_育儿百科.txt,//item.taobao.com/item.htm?id=546466685471,6
玩具-童车...积木-模型标准_育儿书籍_育儿百科.txt,//item.taobao.com/item.htm?id=547093298383,7
玩具-童车...积木-模型标准_育儿书籍_育儿百科.txt,//item.taobao.com/item.htm?id=560822970689,8
玩具-童车...积木-模型标准_育儿书籍_育儿百科.txt,//item.taobao.com/item.htm?id=566375517254,9
玩具-童车...积木-模型标准_育儿书籍_育儿百科.txt,//item.taobao.com/item.htm?id=18262082270,10
玩具-童车...积木-模型标准_育儿书籍_育儿百科.txt,//item.taobao.com/item.htm?id=569154787547,11
玩具-童车...积木-模型标准_育儿书籍_育儿百科.txt,//item.taobao.com/item.htm?id=539388655656,12
玩具-童车...积木-模型标准_育儿书籍_育儿百科.txt,//item.taobao.com/item.htm?id=547037184614,13
玩具-童车...积木-模型标准_育儿书籍_育儿百科.txt,//item.taobao.com/item.htm?id=567092499641,14
玩具-童车...积木-模型标准_育儿书籍_育儿百科.txt,//item.taobao.com/item.htm?id=574274367680,15
玩具-童车...积木-模型标准_育儿书籍_育儿百科.txt,//item.taobao.com/item.htm?id=564615064549,16
玩具-童车...积木-模型标准_育儿书籍_育儿百科.txt,//item.taobao.com/item.htm?id=572336858575,17
玩具-童车...积木-模型标准_育儿书籍_育儿百科.txt,//item.taobao.com/item.htm?id=569469903702,18
玩具-童车...积木-模型标准_育儿书籍_育儿百科.txt,//item.taobao.com/item.htm?id=589556674191,19
玩具-童车...积木-模型标准_育儿书籍_育儿百科.txt,//item.taobao.com/item.htm?id=586725812134,20
玩具-童车...积木-模型标准_育儿书籍_胎教.txt,//item.taobao.com/item.htm?id=526495999151,1
玩具-童车...积木-模型标准_育儿书籍_胎教.txt,//item.taobao.com/item.htm?id=546208817076,2
玩具-童车...积木-模型标准_育儿书籍_胎教.txt,//item.taobao.com/item.htm?id=547271154264,3
玩具-童车...积木-模型标准_育儿书籍_胎教.txt,//item.taobao.com/item.htm?id=553889062734,4
玩具-童车...积木-模型标准_育儿书籍_胎教.txt,//item.taobao.com/item.htm?id=581508017111,5
玩具-童车...积木-模型标准_静态模型_其他模型玩具.txt,//item.taobao.com/item.htm?id=43509237528,1
玩具-童车...积木-模型标准_静态模型_其他模型玩具.txt,//item.taobao.com/item.htm?id=566535372893,2
玩具-童车...积木-模型标准_静态模型_其他模型玩具.txt,//item.taobao.com/item.htm?id=550553034139,3
玩具-童车...积木-模型标准_静态模型_其他模型玩具.txt,//item.taobao.com/item.htm?id=590179331642,4
玩具-童车...积木-模型标准_静态模型_其他模型玩具.txt,//item.taobao.com/item.htm?id=567791033257,5
玩具-童车...积木-模型标准_静态模型_其他模型玩具.txt,//item.taobao.com/item.htm?id=580028970216,6
玩具-童车...积木-模型标准_静态模型_其他模型玩具.txt,//item.taobao.com/item.htm?id=38991418630,7
玩具-童车...积木-模型标准_静态模型_其他模型玩具.txt,//item.taobao.com/item.htm?id=584442073703,8
玩具-童车...积木-模型标准_静态模型_其他模型玩具.txt,//item.taobao.com/item.htm?id=556935812079,9
玩具-童车...积木-模型标准_静态模型_其他模型玩具.txt,//item.taobao.com/item.htm?id=587901994670,10
玩具-童车...积木-模型标准_静态模型_其他模型玩具.txt,//item.taobao.com/item.htm?id=576734476259,11
玩具-童车...积木-模型标准_静态模型_其他模型玩具.txt,//item.taobao.com/item.htm?id=557019765992,12
玩具-童车...积木-模型标准_静态模型_其他模型玩具.txt,//item.taobao.com/item.htm?id=7483575119,13
玩具-童车...积木-模型标准_静态模型_其他模型玩具.txt,//item.taobao.com/item.htm?id=581320584773,14
玩具-童车...积木-模型标准_静态模型_其他模型玩具.txt,//item.taobao.com/item.htm?id=527028679678,15
玩具-童车...积木-模型标准_静态模型_其他模型玩具.txt,//item.taobao.com/item.htm?id=583344051145,16
玩具-童车...积木-模型标准_静态模型_其他模型玩具.txt,//item.taobao.com/item.htm?id=584205969737,17
玩具-童车...积木-模型标准_静态模型_其他模型玩具.txt,//item.taobao.com/item.htm?id=564997446850,18
玩具-童车...积木-模型标准_静态模型_其他模型玩具.txt,//item.taobao.com/item.htm?id=541786199226,19
玩具-童车...积木-模型标准_静态模型_其他模型玩具.txt,//item.taobao.com/item.htm?id=5231219001,20
玩具-童车...积木-模型标准_静态模型_军舰-航母.txt,//item.taobao.com/item.htm?id=35518981107,1
玩具-童车...积木-模型标准_静态模型_军舰-航母.txt,//item.taobao.com/item.htm?id=39318406245,2
玩具-童车...积木-模型标准_静态模型_军舰-航母.txt,//detail.tmall.com/item.htm?id=18989029270,3
玩具-童车...积木-模型标准_静态模型_军舰-航母.txt,//item.taobao.com/item.htm?id=42169558016,4
玩具-童车...积木-模型标准_静态模型_军舰-航母.txt,//item.taobao.com/item.htm?id=567669488466,5
玩具-童车...积木-模型标准_静态模型_军舰-航母.txt,//item.taobao.com/item.htm?id=530686496051,6
玩具-童车...积木-模型标准_静态模型_军舰-航母.txt,//item.taobao.com/item.htm?id=578893128811,7
玩具-童车...积木-模型标准_静态模型_军舰-航母.txt,//detail.tmall.com/item.htm?id=20961283920,8
玩具-童车...积木-模型标准_静态模型_军舰-航母.txt,//detail.tmall.com/item.htm?id=572488558006,9
玩具-童车...积木-模型标准_静态模型_军舰-航母.txt,//item.taobao.com/item.htm?id=541801564443,10
玩具-童车...积木-模型标准_静态模型_军舰-航母.txt,//item.taobao.com/item.htm?id=546587942708,11
玩具-童车...积木-模型标准_静态模型_军舰-航母.txt,//item.taobao.com/item.htm?id=578339433233,12
玩具-童车...积木-模型标准_静态模型_军舰-航母.txt,//item.taobao.com/item.htm?id=554190239232,13
玩具-童车...积木-模型标准_静态模型_军舰-航母.txt,//detail.tmall.com/item.htm?id=18752185740,14
玩具-童车...积木-模型标准_静态模型_军舰-航母.txt,//item.taobao.com/item.htm?id=36759898096,15
玩具-童车...积木-模型标准_静态模型_军舰-航母.txt,//item.taobao.com/item.htm?id=563818084914,16
玩具-童车...积木-模型标准_静态模型_军舰-航母.txt,//item.taobao.com/item.htm?id=529153115013,17
玩具-童车...积木-模型标准_静态模型_军舰-航母.txt,//item.taobao.com/item.htm?id=558563492614,18
玩具-童车...积木-模型标准_静态模型_军舰-航母.txt,//item.taobao.com/item.htm?id=561118039097,19
玩具-童车...积木-模型标准_静态模型_军舰-航母.txt,//item.taobao.com/item.htm?id=583122705184,20
玩具-童车...积木-模型标准_静态模型_坦克-军事战车.txt,//item.taobao.com/item.htm?id=42514107487,1
玩具-童车...积木-模型标准_静态模型_坦克-军事战车.txt,//item.taobao.com/item.htm?id=590109895307,2
玩具-童车...积木-模型标准_静态模型_坦克-军事战车.txt,//item.taobao.com/item.htm?id=587168611572,3
玩具-童车...积木-模型标准_静态模型_坦克-军事战车.txt,//item.taobao.com/item.htm?id=585486469533,4
玩具-童车...积木-模型标准_静态模型_坦克-军事战车.txt,//item.taobao.com/item.htm?id=589950686854,5
玩具-童车...积木-模型标准_静态模型_坦克-军事战车.txt,//item.taobao.com/item.htm?id=587712891464,6
玩具-童车...积木-模型标准_静态模型_坦克-军事战车.txt,//detail.tmall.com/item.htm?id=520156022272,7
玩具-童车...积木-模型标准_静态模型_坦克-军事战车.txt,//item.taobao.com/item.htm?id=527000212194,8
玩具-童车...积木-模型标准_静态模型_坦克-军事战车.txt,//item.taobao.com/item.htm?id=589588416115,9
玩具-童车...积木-模型标准_静态模型_坦克-军事战车.txt,//item.taobao.com/item.htm?id=589801325669,10
玩具-童车...积木-模型标准_静态模型_坦克-军事战车.txt,//detail.tmall.com/item.htm?id=575082316519,11
玩具-童车...积木-模型标准_静态模型_坦克-军事战车.txt,//item.taobao.com/item.htm?id=563565172186,12
玩具-童车...积木-模型标准_静态模型_坦克-军事战车.txt,//item.taobao.com/item.htm?id=585986808099,13
玩具-童车...积木-模型标准_静态模型_坦克-军事战车.txt,//item.taobao.com/item.htm?id=582561839910,14
玩具-童车...积木-模型标准_静态模型_坦克-军事战车.txt,//item.taobao.com/item.htm?id=564016564202,15
玩具-童车...积木-模型标准_静态模型_坦克-军事战车.txt,//item.taobao.com/item.htm?id=586488967665,16
玩具-童车...积木-模型标准_静态模型_坦克-军事战车.txt,//item.taobao.com/item.htm?id=590150207774,17
玩具-童车...积木-模型标准_静态模型_坦克-军事战车.txt,//detail.tmall.com/item.htm?id=40999888740,18
玩具-童车...积木-模型标准_静态模型_坦克-军事战车.txt,//item.taobao.com/item.htm?id=588824654241,19
玩具-童车...积木-模型标准_静态模型_坦克-军事战车.txt,//item.taobao.com/item.htm?id=19560250010,20
玩具-童车...积木-模型标准_静态模型_家居-生活场景.txt,//item.taobao.com/item.htm?id=562732761325,1
玩具-童车...积木-模型标准_静态模型_家居-生活场景.txt,//item.taobao.com/item.htm?id=586211201079,2
玩具-童车...积木-模型标准_静态模型_家居-生活场景.txt,//item.taobao.com/item.htm?id=570700644360,3
玩具-童车...积木-模型标准_静态模型_家居-生活场景.txt,//item.taobao.com/item.htm?id=539322689106,4
玩具-童车...积木-模型标准_静态模型_家居-生活场景.txt,//item.taobao.com/item.htm?id=578611268315,5
玩具-童车...积木-模型标准_静态模型_家居-生活场景.txt,//item.taobao.com/item.htm?id=551328605798,6
玩具-童车...积木-模型标准_静态模型_家居-生活场景.txt,//item.taobao.com/item.htm?id=575018561221,7
玩具-童车...积木-模型标准_静态模型_家居-生活场景.txt,//item.taobao.com/item.htm?id=525312329633,8
玩具-童车...积木-模型标准_静态模型_家居-生活场景.txt,//item.taobao.com/item.htm?id=588669336034,9
玩具-童车...积木-模型标准_静态模型_家居-生活场景.txt,//item.taobao.com/item.htm?id=586629830988,10
玩具-童车...积木-模型标准_静态模型_家居-生活场景.txt,//item.taobao.com/item.htm?id=573545826174,11
玩具-童车...积木-模型标准_静态模型_家居-生活场景.txt,//item.taobao.com/item.htm?id=575682973945,12
玩具-童车...积木-模型标准_静态模型_家居-生活场景.txt,//item.taobao.com/item.htm?id=583212704107,13
玩具-童车...积木-模型标准_静态模型_家居-生活场景.txt,//item.taobao.com/item.htm?id=583577232115,14
玩具-童车...积木-模型标准_静态模型_家居-生活场景.txt,//item.taobao.com/item.htm?id=577756302306,15
玩具-童车...积木-模型标准_静态模型_家居-生活场景.txt,//item.taobao.com/item.htm?id=564357976352,16
玩具-童车...积木-模型标准_静态模型_家居-生活场景.txt,//item.taobao.com/item.htm?id=588465091120,17
玩具-童车...积木-模型标准_静态模型_家居-生活场景.txt,//item.taobao.com/item.htm?id=568202391067,18
玩具-童车...积木-模型标准_静态模型_家居-生活场景.txt,//item.taobao.com/item.htm?id=562841861605,19
玩具-童车...积木-模型标准_静态模型_家居-生活场景.txt,//item.taobao.com/item.htm?id=537576655602,20
玩具-童车...积木-模型标准_静态模型_建筑-DI...-拼装模型.txt,//item.taobao.com/item.htm?id=589552973126,1
玩具-童车...积木-模型标准_静态模型_建筑-DI...-拼装模型.txt,//detail.tmall.com/item.htm?id=564400834017,2
玩具-童车...积木-模型标准_静态模型_建筑-DI...-拼装模型.txt,//detail.tmall.com/item.htm?id=566542463768,3
玩具-童车...积木-模型标准_静态模型_建筑-DI...-拼装模型.txt,//detail.tmall.com/item.htm?id=566540379844,4
玩具-童车...积木-模型标准_静态模型_建筑-DI...-拼装模型.txt,//detail.tmall.com/item.htm?id=577306215825,5
玩具-童车...积木-模型标准_静态模型_建筑-DI...-拼装模型.txt,//detail.tmall.com/item.htm?id=566586830312,6
玩具-童车...积木-模型标准_静态模型_建筑-DI...-拼装模型.txt,//item.taobao.com/item.htm?id=589465408575,7
玩具-童车...积木-模型标准_静态模型_建筑-DI...-拼装模型.txt,//detail.tmall.com/item.htm?id=536583210501,8
玩具-童车...积木-模型标准_静态模型_建筑-DI...-拼装模型.txt,//detail.tmall.com/item.htm?id=545904353079,9
玩具-童车...积木-模型标准_静态模型_建筑-DI...-拼装模型.txt,//detail.tmall.com/item.htm?id=575826595882,10
玩具-童车...积木-模型标准_静态模型_建筑-DI...-拼装模型.txt,//detail.tmall.com/item.htm?id=38999953768,11
玩具-童车...积木-模型标准_静态模型_建筑-DI...-拼装模型.txt,//detail.tmall.com/item.htm?id=569583839050,12
玩具-童车...积木-模型标准_静态模型_建筑-DI...-拼装模型.txt,//detail.tmall.com/item.htm?id=560089316665,13
玩具-童车...积木-模型标准_静态模型_建筑-DI...-拼装模型.txt,//detail.tmall.com/item.htm?id=579189040556,14
玩具-童车...积木-模型标准_静态模型_建筑-DI...-拼装模型.txt,//item.taobao.com/item.htm?id=567509340289,15
玩具-童车...积木-模型标准_静态模型_建筑-DI...-拼装模型.txt,//detail.tmall.com/item.htm?id=574966843667,16
玩具-童车...积木-模型标准_静态模型_建筑-DI...-拼装模型.txt,//detail.tmall.com/item.htm?id=561011248788,17
玩具-童车...积木-模型标准_静态模型_建筑-DI...-拼装模型.txt,//detail.tmall.com/item.htm?id=39653782957,18
玩具-童车...积木-模型标准_静态模型_建筑-DI...-拼装模型.txt,//detail.tmall.com/item.htm?id=561863329680,19
玩具-童车...积木-模型标准_静态模型_建筑-DI...-拼装模型.txt,//detail.tmall.com/item.htm?id=560335614488,20
玩具-童车...积木-模型标准_静态模型_木偶-关节木偶.txt,//item.taobao.com/item.htm?id=540639379235,1
玩具-童车...积木-模型标准_静态模型_木偶-关节木偶.txt,//item.taobao.com/item.htm?id=536229624989,2
玩具-童车...积木-模型标准_静态模型_木偶-关节木偶.txt,//item.taobao.com/item.htm?id=578185134229,3
玩具-童车...积木-模型标准_静态模型_木偶-关节木偶.txt,//item.taobao.com/item.htm?id=575242422053,4
玩具-童车...积木-模型标准_静态模型_木偶-关节木偶.txt,//item.taobao.com/item.htm?id=579389639347,5
玩具-童车...积木-模型标准_静态模型_木偶-关节木偶.txt,//item.taobao.com/item.htm?id=584483475935,6
玩具-童车...积木-模型标准_静态模型_木偶-关节木偶.txt,//item.taobao.com/item.htm?id=574672976853,7
玩具-童车...积木-模型标准_静态模型_木偶-关节木偶.txt,//item.taobao.com/item.htm?id=583462087159,8
玩具-童车...积木-模型标准_静态模型_木偶-关节木偶.txt,//item.taobao.com/item.htm?id=554299283566,9
玩具-童车...积木-模型标准_静态模型_木偶-关节木偶.txt,//item.taobao.com/item.htm?id=553511311371,10
玩具-童车...积木-模型标准_静态模型_木偶-关节木偶.txt,//item.taobao.com/item.htm?id=562899459094,11
玩具-童车...积木-模型标准_静态模型_木偶-关节木偶.txt,//item.taobao.com/item.htm?id=585026243133,12
玩具-童车...积木-模型标准_静态模型_木偶-关节木偶.txt,//item.taobao.com/item.htm?id=584910377248,13
玩具-童车...积木-模型标准_静态模型_木偶-关节木偶.txt,//item.taobao.com/item.htm?id=557596318736,14
玩具-童车...积木-模型标准_静态模型_木偶-关节木偶.txt,//item.taobao.com/item.htm?id=567914137051,15
玩具-童车...积木-模型标准_静态模型_木偶-关节木偶.txt,//item.taobao.com/item.htm?id=586652323688,16
玩具-童车...积木-模型标准_静态模型_木偶-关节木偶.txt,//item.taobao.com/item.htm?id=585063942716,17
玩具-童车...积木-模型标准_静态模型_木偶-关节木偶.txt,//item.taobao.com/item.htm?id=585101868420,18
玩具-童车...积木-模型标准_静态模型_木偶-关节木偶.txt,//item.taobao.com/item.htm?id=567402532919,19
玩具-童车...积木-模型标准_静态模型_木偶-关节木偶.txt,//item.taobao.com/item.htm?id=586183928884,20
玩具-童车...积木-模型标准_静态模型_火车模型.txt,//detail.tmall.com/item.htm?id=534003352689,1
玩具-童车...积木-模型标准_静态模型_火车模型.txt,//item.taobao.com/item.htm?id=539968726170,2
玩具-童车...积木-模型标准_静态模型_火车模型.txt,//item.taobao.com/item.htm?id=554538760413,3
玩具-童车...积木-模型标准_静态模型_火车模型.txt,//detail.tmall.com/item.htm?id=548215003436,4
玩具-童车...积木-模型标准_静态模型_火车模型.txt,//item.taobao.com/item.htm?id=586809309893,5
玩具-童车...积木-模型标准_静态模型_火车模型.txt,//item.taobao.com/item.htm?id=566049636615,6
玩具-童车...积木-模型标准_静态模型_火车模型.txt,//item.taobao.com/item.htm?id=583262880230,7
玩具-童车...积木-模型标准_静态模型_火车模型.txt,//item.taobao.com/item.htm?id=534615779646,8
玩具-童车...积木-模型标准_静态模型_火车模型.txt,//item.taobao.com/item.htm?id=551592131025,9
玩具-童车...积木-模型标准_静态模型_火车模型.txt,//item.taobao.com/item.htm?id=586990075052,10
玩具-童车...积木-模型标准_静态模型_火车模型.txt,//item.taobao.com/item.htm?id=589990155221,11
玩具-童车...积木-模型标准_静态模型_火车模型.txt,//item.taobao.com/item.htm?id=586548036957,12
玩具-童车...积木-模型标准_静态模型_火车模型.txt,//item.taobao.com/item.htm?id=40535955977,13
玩具-童车...积木-模型标准_静态模型_火车模型.txt,//item.taobao.com/item.htm?id=552366635214,14
玩具-童车...积木-模型标准_静态模型_火车模型.txt,//item.taobao.com/item.htm?id=570115741460,15
玩具-童车...积木-模型标准_静态模型_火车模型.txt,//item.taobao.com/item.htm?id=586558604023,16
玩具-童车...积木-模型标准_静态模型_火车模型.txt,//item.taobao.com/item.htm?id=20964451470,17
玩具-童车...积木-模型标准_静态模型_火车模型.txt,//item.taobao.com/item.htm?id=45841136831,18
玩具-童车...积木-模型标准_静态模型_火车模型.txt,//item.taobao.com/item.htm?id=542037050642,19
玩具-童车...积木-模型标准_静态模型_火车模型.txt,//item.taobao.com/item.htm?id=36950607817,20
玩具-童车...积木-模型标准_静态模型_船舶-舰艇.txt,//item.taobao.com/item.htm?id=44401183389,1
玩具-童车...积木-模型标准_静态模型_船舶-舰艇.txt,//item.taobao.com/item.htm?id=578244789598,2
玩具-童车...积木-模型标准_静态模型_船舶-舰艇.txt,//item.taobao.com/item.htm?id=581897980436,3
玩具-童车...积木-模型标准_静态模型_船舶-舰艇.txt,//item.taobao.com/item.htm?id=14764195067,4
玩具-童车...积木-模型标准_静态模型_船舶-舰艇.txt,//item.taobao.com/item.htm?id=586746069150,5
玩具-童车...积木-模型标准_静态模型_船舶-舰艇.txt,//item.taobao.com/item.htm?id=14712767312,6
玩具-童车...积木-模型标准_静态模型_船舶-舰艇.txt,//item.taobao.com/item.htm?id=563213681905,7
玩具-童车...积木-模型标准_静态模型_船舶-舰艇.txt,//item.taobao.com/item.htm?id=17096984935,8
玩具-童车...积木-模型标准_静态模型_船舶-舰艇.txt,//item.taobao.com/item.htm?id=567921218858,9
玩具-童车...积木-模型标准_静态模型_船舶-舰艇.txt,//item.taobao.com/item.htm?id=572411913226,10
玩具-童车...积木-模型标准_静态模型_船舶-舰艇.txt,//item.taobao.com/item.htm?id=582709412504,11
玩具-童车...积木-模型标准_静态模型_船舶-舰艇.txt,//item.taobao.com/item.htm?id=568018673582,12
玩具-童车...积木-模型标准_静态模型_船舶-舰艇.txt,//item.taobao.com/item.htm?id=528449751585,13
玩具-童车...积木-模型标准_静态模型_船舶-舰艇.txt,//item.taobao.com/item.htm?id=524871572177,14
玩具-童车...积木-模型标准_静态模型_船舶-舰艇.txt,//detail.tmall.com/item.htm?id=541098692938,15
玩具-童车...积木-模型标准_静态模型_船舶-舰艇.txt,//item.taobao.com/item.htm?id=586127894504,16
玩具-童车...积木-模型标准_静态模型_船舶-舰艇.txt,//item.taobao.com/item.htm?id=527041337395,17
玩具-童车...积木-模型标准_静态模型_船舶-舰艇.txt,//item.taobao.com/item.htm?id=25404136479,18
玩具-童车...积木-模型标准_静态模型_船舶-舰艇.txt,//item.taobao.com/item.htm?id=556002917356,19
玩具-童车...积木-模型标准_静态模型_船舶-舰艇.txt,//item.taobao.com/item.htm?id=570625060335,20
玩具-童车...积木-模型标准_静态模型_车模.txt,//item.taobao.com/item.htm?id=583859911671,1
玩具-童车...积木-模型标准_静态模型_车模.txt,//item.taobao.com/item.htm?id=13769173077,2
玩具-童车...积木-模型标准_静态模型_车模.txt,//detail.tmall.com/item.htm?id=530526919979,3
玩具-童车...积木-模型标准_静态模型_车模.txt,//detail.tmall.com/item.htm?id=37478410645,4
玩具-童车...积木-模型标准_静态模型_车模.txt,//detail.tmall.com/item.htm?id=542835896732,5
玩具-童车...积木-模型标准_静态模型_车模.txt,//detail.tmall.com/item.htm?id=550231248766,6
玩具-童车...积木-模型标准_静态模型_车模.txt,//item.taobao.com/item.htm?id=564722372175,7
玩具-童车...积木-模型标准_静态模型_车模.txt,//item.taobao.com/item.htm?id=589995571937,8
玩具-童车...积木-模型标准_静态模型_车模.txt,//detail.tmall.com/item.htm?id=547018534972,9
玩具-童车...积木-模型标准_静态模型_车模.txt,//item.taobao.com/item.htm?id=524330894698,10
玩具-童车...积木-模型标准_静态模型_车模.txt,//detail.tmall.com/item.htm?id=21405303048,11
玩具-童车...积木-模型标准_静态模型_车模.txt,//item.taobao.com/item.htm?id=589949987621,12
玩具-童车...积木-模型标准_静态模型_车模.txt,//item.taobao.com/item.htm?id=564497864941,13
玩具-童车...积木-模型标准_静态模型_车模.txt,//item.taobao.com/item.htm?id=575392595205,14
玩具-童车...积木-模型标准_静态模型_车模.txt,//item.taobao.com/item.htm?id=531999474274,15
玩具-童车...积木-模型标准_静态模型_车模.txt,//item.taobao.com/item.htm?id=522573967237,16
玩具-童车...积木-模型标准_静态模型_车模.txt,//item.taobao.com/item.htm?id=568445649070,17
玩具-童车...积木-模型标准_静态模型_车模.txt,//detail.tmall.com/item.htm?id=582420480554,18
玩具-童车...积木-模型标准_静态模型_车模.txt,//item.taobao.com/item.htm?id=10194503839,19
玩具-童车...积木-模型标准_静态模型_车模.txt,//item.taobao.com/item.htm?id=573656968206,20
玩具-童车...积木-模型标准_静态模型_飞机模型.txt,//item.taobao.com/item.htm?id=37771983229,1
玩具-童车...积木-模型标准_静态模型_飞机模型.txt,//item.taobao.com/item.htm?id=41062421891,2
玩具-童车...积木-模型标准_静态模型_飞机模型.txt,//item.taobao.com/item.htm?id=546088778523,3
玩具-童车...积木-模型标准_静态模型_飞机模型.txt,//item.taobao.com/item.htm?id=560952225649,4
玩具-童车...积木-模型标准_静态模型_飞机模型.txt,//item.taobao.com/item.htm?id=586149595941,5
玩具-童车...积木-模型标准_静态模型_飞机模型.txt,//item.taobao.com/item.htm?id=586504308962,6
玩具-童车...积木-模型标准_静态模型_飞机模型.txt,//item.taobao.com/item.htm?id=531119811750,7
玩具-童车...积木-模型标准_静态模型_飞机模型.txt,//item.taobao.com/item.htm?id=583359939356,8
玩具-童车...积木-模型标准_静态模型_飞机模型.txt,//detail.tmall.com/item.htm?id=528708187333,9
玩具-童车...积木-模型标准_静态模型_飞机模型.txt,//item.taobao.com/item.htm?id=588477930392,10
玩具-童车...积木-模型标准_静态模型_飞机模型.txt,//item.taobao.com/item.htm?id=556629402303,11
玩具-童车...积木-模型标准_静态模型_飞机模型.txt,//item.taobao.com/item.htm?id=590151803307,12
玩具-童车...积木-模型标准_静态模型_飞机模型.txt,//item.taobao.com/item.htm?id=576023711353,13
玩具-童车...积木-模型标准_静态模型_飞机模型.txt,//item.taobao.com/item.htm?id=520971529110,14
玩具-童车...积木-模型标准_静态模型_飞机模型.txt,//item.taobao.com/item.htm?id=16570182891,15
玩具-童车...积木-模型标准_静态模型_飞机模型.txt,//item.taobao.com/item.htm?id=537933343070,16
玩具-童车...积木-模型标准_静态模型_飞机模型.txt,//detail.tmall.com/item.htm?id=548663453629,17
玩具-童车...积木-模型标准_静态模型_飞机模型.txt,//item.taobao.com/item.htm?id=570911573166,18
玩具-童车...积木-模型标准_静态模型_飞机模型.txt,//item.taobao.com/item.htm?id=567082239338,19
玩具-童车...积木-模型标准_静态模型_飞机模型.txt,//item.taobao.com/item.htm?id=577280502306,20
